article_1, 0
article_10, 0
article_11, 0
article_12, 0
article_13, 0
article_14, 0
article_15, 0
article_16, 0
article_17, 0
article_18, 0
article_19, 0
article_2, 0
article_20, 0
article_21, 0
article_22, 0
article_23, 0
article_24, 0
article_25, 0
article_26, 0
article_27, 0
article_28, 0
article_29, 0
article_3, 0
article_30, 0
article_31, 0
article_32, 0
article_33, 0
article_34, 0
article_35, 0
article_36, 0
article_37, 0
article_38, 0
article_39, 0
article_4, 0
article_40, 0
article_41, 0
article_5, 0
article_6, 0
article_7, 0
article_8, 0
article_9, 0
facoltà_1, 1
facoltà_10, 1
facoltà_100, 1
facoltà_1000, 1
facoltà_1001, 1
facoltà_1002, 1
facoltà_1003, 1
facoltà_1004, 1
facoltà_1005, 1
facoltà_1006, 1
facoltà_1007, 1
facoltà_1008, 1
facoltà_1009, 1
facoltà_101, 1
facoltà_1010, 1
facoltà_1011, 1
facoltà_1012, 1
facoltà_1013, 1
facoltà_1014, 1
facoltà_1015, 1
facoltà_1016, 1
facoltà_1017, 1
facoltà_1018, 1
facoltà_1019, 1
facoltà_102, 1
facoltà_1020, 1
facoltà_1021, 1
facoltà_1022, 1
facoltà_1023, 1
facoltà_1024, 1
facoltà_1025, 1
facoltà_1026, 1
facoltà_1027, 1
facoltà_1028, 1
facoltà_1029, 1
facoltà_103, 1
facoltà_1030, 1
facoltà_1031, 1
facoltà_1032, 1
facoltà_1033, 1
facoltà_1034, 1
facoltà_1035, 1
facoltà_1036, 1
facoltà_1037, 1
facoltà_1038, 1
facoltà_1039, 1
facoltà_104, 1
facoltà_1040, 1
facoltà_1041, 1
facoltà_1042, 1
facoltà_1043, 1
facoltà_1044, 1
facoltà_1045, 1
facoltà_1046, 1
facoltà_1047, 1
facoltà_1048, 1
facoltà_1049, 1
facoltà_105, 1
facoltà_1050, 1
facoltà_1051, 1
facoltà_1052, 1
facoltà_1053, 1
facoltà_1054, 1
facoltà_1055, 1
facoltà_1056, 1
facoltà_1057, 1
facoltà_1058, 1
facoltà_1059, 1
facoltà_106, 1
facoltà_1060, 1
facoltà_1061, 1
facoltà_1062, 1
facoltà_1063, 1
facoltà_1064, 1
facoltà_1065, 1
facoltà_1066, 1
facoltà_1067, 1
facoltà_1068, 1
facoltà_1069, 1
facoltà_107, 1
facoltà_1070, 1
facoltà_1071, 1
facoltà_1072, 1
facoltà_1073, 1
facoltà_1074, 1
facoltà_1075, 1
facoltà_1076, 1
facoltà_1077, 1
facoltà_1078, 1
facoltà_1079, 1
facoltà_108, 1
facoltà_1080, 1
facoltà_1081, 1
facoltà_1082, 1
facoltà_1083, 1
facoltà_1084, 1
facoltà_1085, 1
facoltà_1086, 1
facoltà_1087, 1
facoltà_1088, 1
facoltà_1089, 1
facoltà_109, 1
facoltà_1090, 1
facoltà_1091, 1
facoltà_1092, 1
facoltà_1093, 1
facoltà_1094, 1
facoltà_1095, 1
facoltà_1096, 1
facoltà_1097, 1
facoltà_1098, 1
facoltà_1099, 1
facoltà_11, 1
facoltà_110, 1
facoltà_1100, 1
facoltà_1101, 1
facoltà_1102, 1
facoltà_1103, 1
facoltà_1104, 1
facoltà_1105, 1
facoltà_1106, 1
facoltà_1107, 1
facoltà_1108, 1
facoltà_1109, 1
facoltà_111, 1
facoltà_1110, 1
facoltà_1111, 1
facoltà_1112, 1
facoltà_1113, 1
facoltà_1114, 1
facoltà_1115, 1
facoltà_1116, 1
facoltà_1117, 1
facoltà_1118, 1
facoltà_1119, 1
facoltà_112, 1
facoltà_1120, 1
facoltà_1121, 1
facoltà_1122, 1
facoltà_1123, 1
facoltà_1124, 1
facoltà_1125, 1
facoltà_1126, 1
facoltà_1127, 1
facoltà_1128, 1
facoltà_1129, 1
facoltà_113, 1
facoltà_1130, 1
facoltà_1131, 1
facoltà_1132, 1
facoltà_1133, 1
facoltà_1134, 1
facoltà_1135, 1
facoltà_1136, 1
facoltà_1137, 1
facoltà_1138, 1
facoltà_1139, 1
facoltà_114, 1
facoltà_1140, 1
facoltà_1141, 1
facoltà_1142, 1
facoltà_1143, 1
facoltà_1144, 1
facoltà_1145, 1
facoltà_1146, 1
facoltà_1147, 1
facoltà_1148, 1
facoltà_1149, 1
facoltà_115, 1
facoltà_1150, 1
facoltà_1151, 1
facoltà_1152, 1
facoltà_1153, 1
facoltà_1154, 1
facoltà_1155, 1
facoltà_1156, 1
facoltà_1157, 1
facoltà_1158, 1
facoltà_1159, 1
facoltà_116, 1
facoltà_1160, 1
facoltà_1161, 1
facoltà_1162, 1
facoltà_1163, 1
facoltà_1164, 1
facoltà_1165, 1
facoltà_1166, 1
facoltà_1167, 1
facoltà_1168, 1
facoltà_1169, 1
facoltà_117, 1
facoltà_1170, 1
facoltà_1171, 1
facoltà_1172, 1
facoltà_1173, 1
facoltà_1174, 1
facoltà_1175, 1
facoltà_1176, 1
facoltà_1177, 1
facoltà_1178, 1
facoltà_1179, 1
facoltà_118, 1
facoltà_1180, 1
facoltà_1181, 1
facoltà_1182, 1
facoltà_1183, 1
facoltà_1184, 1
facoltà_1185, 1
facoltà_1186, 1
facoltà_1187, 1
facoltà_1188, 1
facoltà_1189, 1
facoltà_119, 1
facoltà_1190, 1
facoltà_1191, 1
facoltà_1192, 1
facoltà_1193, 1
facoltà_1194, 1
facoltà_1195, 1
facoltà_1196, 1
facoltà_1197, 1
facoltà_1198, 1
facoltà_1199, 1
facoltà_12, 1
facoltà_120, 1
facoltà_1200, 1
facoltà_1201, 1
facoltà_1202, 1
facoltà_1203, 1
facoltà_1204, 1
facoltà_1205, 1
facoltà_1206, 1
facoltà_1207, 1
facoltà_1208, 1
facoltà_1209, 1
facoltà_121, 1
facoltà_1210, 1
facoltà_1211, 1
facoltà_1212, 1
facoltà_1213, 1
facoltà_1214, 1
facoltà_1215, 1
facoltà_1216, 1
facoltà_1217, 1
facoltà_1218, 1
facoltà_1219, 1
facoltà_122, 1
facoltà_1220, 1
facoltà_1221, 1
facoltà_1222, 1
facoltà_1223, 1
facoltà_1224, 1
facoltà_1225, 1
facoltà_1226, 1
facoltà_1227, 1
facoltà_1228, 1
facoltà_1229, 1
facoltà_123, 1
facoltà_1230, 1
facoltà_1231, 1
facoltà_1232, 1
facoltà_1233, 1
facoltà_1234, 1
facoltà_1235, 1
facoltà_1236, 1
facoltà_1237, 1
facoltà_1238, 1
facoltà_1239, 1
facoltà_124, 1
facoltà_1240, 1
facoltà_1241, 1
facoltà_1242, 1
facoltà_1243, 1
facoltà_1244, 1
facoltà_1245, 1
facoltà_1246, 1
facoltà_1247, 1
facoltà_1248, 1
facoltà_1249, 1
facoltà_125, 1
facoltà_1250, 1
facoltà_1251, 1
facoltà_1252, 1
facoltà_1253, 1
facoltà_1254, 1
facoltà_1255, 1
facoltà_1256, 1
facoltà_1257, 1
facoltà_1258, 1
facoltà_1259, 1
facoltà_126, 1
facoltà_1260, 1
facoltà_1261, 1
facoltà_1262, 1
facoltà_1263, 1
facoltà_1264, 1
facoltà_1265, 1
facoltà_1266, 1
facoltà_1267, 1
facoltà_1268, 1
facoltà_1269, 1
facoltà_127, 1
facoltà_1270, 1
facoltà_1271, 1
facoltà_1272, 1
facoltà_1273, 1
facoltà_1274, 1
facoltà_1275, 1
facoltà_1276, 1
facoltà_1277, 1
facoltà_1278, 1
facoltà_1279, 1
facoltà_128, 1
facoltà_1280, 1
facoltà_1281, 1
facoltà_1282, 1
facoltà_1283, 1
facoltà_1284, 1
facoltà_1285, 1
facoltà_1286, 1
facoltà_1287, 1
facoltà_1288, 1
facoltà_1289, 1
facoltà_129, 1
facoltà_1290, 1
facoltà_1291, 1
facoltà_1292, 1
facoltà_1293, 1
facoltà_1294, 1
facoltà_1295, 1
facoltà_1296, 1
facoltà_1297, 1
facoltà_1298, 1
facoltà_1299, 1
facoltà_13, 1
facoltà_130, 1
facoltà_1300, 1
facoltà_1301, 1
facoltà_1302, 1
facoltà_1303, 1
facoltà_1304, 1
facoltà_1305, 1
facoltà_1306, 1
facoltà_1307, 1
facoltà_1308, 1
facoltà_1309, 1
facoltà_131, 1
facoltà_1310, 1
facoltà_1311, 1
facoltà_1312, 1
facoltà_1313, 1
facoltà_1314, 1
facoltà_1315, 1
facoltà_1316, 1
facoltà_1317, 1
facoltà_1318, 1
facoltà_1319, 1
facoltà_132, 1
facoltà_1320, 1
facoltà_1321, 1
facoltà_1322, 1
facoltà_1323, 1
facoltà_1324, 1
facoltà_1325, 1
facoltà_1326, 1
facoltà_1327, 1
facoltà_1328, 1
facoltà_1329, 1
facoltà_133, 1
facoltà_1330, 1
facoltà_1331, 1
facoltà_1332, 1
facoltà_1333, 1
facoltà_1334, 1
facoltà_1335, 1
facoltà_1336, 1
facoltà_1337, 1
facoltà_1338, 1
facoltà_1339, 1
facoltà_134, 1
facoltà_1340, 1
facoltà_1341, 1
facoltà_1342, 1
facoltà_1343, 1
facoltà_1344, 1
facoltà_1345, 1
facoltà_1346, 1
facoltà_1347, 1
facoltà_1348, 1
facoltà_1349, 1
facoltà_135, 1
facoltà_1350, 1
facoltà_1351, 1
facoltà_1352, 1
facoltà_1353, 1
facoltà_1354, 1
facoltà_1355, 1
facoltà_1356, 1
facoltà_1357, 1
facoltà_1358, 1
facoltà_1359, 1
facoltà_136, 1
facoltà_1360, 1
facoltà_1361, 1
facoltà_1362, 1
facoltà_1363, 1
facoltà_1364, 1
facoltà_1365, 1
facoltà_1366, 1
facoltà_1367, 1
facoltà_1368, 1
facoltà_1369, 1
facoltà_137, 1
facoltà_1370, 1
facoltà_1371, 1
facoltà_1372, 1
facoltà_1373, 1
facoltà_1374, 1
facoltà_1375, 1
facoltà_1376, 1
facoltà_1377, 1
facoltà_1378, 1
facoltà_1379, 1
facoltà_138, 1
facoltà_1380, 1
facoltà_1381, 1
facoltà_1382, 1
facoltà_1383, 1
facoltà_1384, 1
facoltà_1385, 1
facoltà_1386, 1
facoltà_1387, 1
facoltà_1388, 1
facoltà_1389, 1
facoltà_139, 1
facoltà_1390, 1
facoltà_1391, 1
facoltà_1392, 1
facoltà_1393, 1
facoltà_1394, 1
facoltà_1395, 1
facoltà_1396, 1
facoltà_1397, 1
facoltà_1398, 1
facoltà_1399, 1
facoltà_14, 1
facoltà_140, 1
facoltà_1400, 1
facoltà_1401, 1
facoltà_1402, 1
facoltà_1403, 1
facoltà_1404, 1
facoltà_1405, 1
facoltà_1406, 1
facoltà_1407, 1
facoltà_1408, 1
facoltà_1409, 1
facoltà_141, 1
facoltà_1410, 1
facoltà_1411, 1
facoltà_1412, 1
facoltà_1413, 1
facoltà_1414, 1
facoltà_1415, 1
facoltà_1416, 1
facoltà_1417, 1
facoltà_1418, 1
facoltà_1419, 1
facoltà_142, 1
facoltà_1420, 1
facoltà_1421, 1
facoltà_1422, 1
facoltà_1423, 1
facoltà_1424, 1
facoltà_1425, 1
facoltà_1426, 1
facoltà_1427, 1
facoltà_1428, 1
facoltà_1429, 1
facoltà_143, 1
facoltà_1430, 1
facoltà_1431, 1
facoltà_1432, 1
facoltà_1433, 1
facoltà_1434, 1
facoltà_1435, 1
facoltà_1436, 1
facoltà_1437, 1
facoltà_1438, 1
facoltà_1439, 1
facoltà_144, 1
facoltà_1440, 1
facoltà_1441, 1
facoltà_1442, 1
facoltà_1443, 1
facoltà_1444, 1
facoltà_1445, 1
facoltà_1446, 1
facoltà_1447, 1
facoltà_1448, 1
facoltà_1449, 1
facoltà_145, 1
facoltà_1450, 1
facoltà_1451, 1
facoltà_1452, 1
facoltà_1453, 1
facoltà_1454, 1
facoltà_1455, 1
facoltà_1456, 1
facoltà_1457, 1
facoltà_1458, 1
facoltà_1459, 1
facoltà_146, 1
facoltà_1460, 1
facoltà_1461, 1
facoltà_1462, 1
facoltà_1463, 1
facoltà_1464, 1
facoltà_1465, 1
facoltà_1466, 1
facoltà_1467, 1
facoltà_1468, 1
facoltà_1469, 1
facoltà_147, 1
facoltà_1470, 1
facoltà_1471, 1
facoltà_1472, 1
facoltà_1473, 1
facoltà_1474, 1
facoltà_1475, 1
facoltà_1476, 1
facoltà_1477, 1
facoltà_1478, 1
facoltà_1479, 1
facoltà_148, 1
facoltà_1480, 1
facoltà_1481, 1
facoltà_1482, 1
facoltà_1483, 1
facoltà_1484, 1
facoltà_1485, 1
facoltà_1486, 1
facoltà_1487, 1
facoltà_1488, 1
facoltà_1489, 1
facoltà_149, 1
facoltà_1490, 1
facoltà_1491, 1
facoltà_1492, 1
facoltà_1493, 1
facoltà_1494, 1
facoltà_1495, 1
facoltà_1496, 1
facoltà_1497, 1
facoltà_1498, 1
facoltà_1499, 1
facoltà_15, 1
facoltà_150, 1
facoltà_1500, 1
facoltà_1501, 1
facoltà_1502, 1
facoltà_1503, 1
facoltà_1504, 1
facoltà_1505, 1
facoltà_1506, 1
facoltà_1507, 1
facoltà_1508, 1
facoltà_1509, 1
facoltà_151, 1
facoltà_1510, 1
facoltà_1511, 1
facoltà_1512, 1
facoltà_1513, 1
facoltà_1514, 1
facoltà_1515, 1
facoltà_1516, 1
facoltà_1517, 1
facoltà_1518, 1
facoltà_1519, 1
facoltà_152, 1
facoltà_1520, 1
facoltà_1521, 1
facoltà_1522, 1
facoltà_1523, 1
facoltà_1524, 1
facoltà_1525, 1
facoltà_1526, 1
facoltà_1527, 1
facoltà_1528, 1
facoltà_1529, 1
facoltà_153, 1
facoltà_1530, 1
facoltà_1531, 1
facoltà_1532, 1
facoltà_1533, 1
facoltà_1534, 1
facoltà_1535, 1
facoltà_1536, 1
facoltà_1537, 1
facoltà_1538, 1
facoltà_1539, 1
facoltà_154, 1
facoltà_1540, 1
facoltà_1541, 1
facoltà_1542, 1
facoltà_1543, 1
facoltà_1544, 1
facoltà_1545, 1
facoltà_1546, 1
facoltà_1547, 1
facoltà_1548, 1
facoltà_1549, 1
facoltà_155, 1
facoltà_1550, 1
facoltà_1551, 1
facoltà_1552, 1
facoltà_1553, 1
facoltà_1554, 1
facoltà_1555, 1
facoltà_1556, 1
facoltà_1557, 1
facoltà_1558, 1
facoltà_1559, 1
facoltà_156, 1
facoltà_1560, 1
facoltà_1561, 1
facoltà_1562, 1
facoltà_1563, 1
facoltà_1564, 1
facoltà_1565, 1
facoltà_1566, 1
facoltà_1567, 1
facoltà_1568, 1
facoltà_1569, 1
facoltà_157, 1
facoltà_1570, 1
facoltà_1571, 1
facoltà_1572, 1
facoltà_1573, 1
facoltà_1574, 1
facoltà_1575, 1
facoltà_1576, 1
facoltà_1577, 1
facoltà_1578, 1
facoltà_1579, 1
facoltà_158, 1
facoltà_1580, 1
facoltà_1581, 1
facoltà_1582, 1
facoltà_1583, 1
facoltà_1584, 1
facoltà_1585, 1
facoltà_1586, 1
facoltà_1587, 1
facoltà_1588, 1
facoltà_1589, 1
facoltà_159, 1
facoltà_1590, 1
facoltà_1591, 1
facoltà_1592, 1
facoltà_1593, 1
facoltà_1594, 1
facoltà_1595, 1
facoltà_1596, 1
facoltà_1597, 1
facoltà_1598, 1
facoltà_1599, 1
facoltà_16, 1
facoltà_160, 1
facoltà_1600, 1
facoltà_1601, 1
facoltà_1602, 1
facoltà_1603, 1
facoltà_1604, 1
facoltà_1605, 1
facoltà_1606, 1
facoltà_1607, 1
facoltà_1608, 1
facoltà_1609, 1
facoltà_161, 1
facoltà_1610, 1
facoltà_1611, 1
facoltà_1612, 1
facoltà_1613, 1
facoltà_1614, 1
facoltà_1615, 1
facoltà_1616, 1
facoltà_1617, 1
facoltà_1618, 1
facoltà_1619, 1
facoltà_162, 1
facoltà_1620, 1
facoltà_1621, 1
facoltà_1622, 1
facoltà_1623, 1
facoltà_1624, 1
facoltà_1625, 1
facoltà_1626, 1
facoltà_1627, 1
facoltà_1628, 1
facoltà_1629, 1
facoltà_163, 1
facoltà_1630, 1
facoltà_1631, 1
facoltà_1632, 1
facoltà_1633, 1
facoltà_1634, 1
facoltà_1635, 1
facoltà_1636, 1
facoltà_1637, 1
facoltà_1638, 1
facoltà_1639, 1
facoltà_164, 1
facoltà_1640, 1
facoltà_1641, 1
facoltà_1642, 1
facoltà_1643, 1
facoltà_1644, 1
facoltà_1645, 1
facoltà_1646, 1
facoltà_1647, 1
facoltà_1648, 1
facoltà_1649, 1
facoltà_165, 1
facoltà_1650, 1
facoltà_1651, 1
facoltà_1652, 1
facoltà_1653, 1
facoltà_1654, 1
facoltà_1655, 1
facoltà_1656, 1
facoltà_1657, 1
facoltà_1658, 1
facoltà_1659, 1
facoltà_166, 1
facoltà_1660, 1
facoltà_1661, 1
facoltà_1662, 1
facoltà_1663, 1
facoltà_1664, 1
facoltà_1665, 1
facoltà_1666, 1
facoltà_1667, 1
facoltà_1668, 1
facoltà_1669, 1
facoltà_167, 1
facoltà_1670, 1
facoltà_1671, 1
facoltà_1672, 1
facoltà_1673, 1
facoltà_1674, 1
facoltà_1675, 1
facoltà_1676, 1
facoltà_1677, 1
facoltà_1678, 1
facoltà_1679, 1
facoltà_168, 1
facoltà_1680, 1
facoltà_1681, 1
facoltà_1682, 1
facoltà_1683, 1
facoltà_1684, 1
facoltà_1685, 1
facoltà_1686, 1
facoltà_1687, 1
facoltà_1688, 1
facoltà_1689, 1
facoltà_169, 1
facoltà_1690, 1
facoltà_1691, 1
facoltà_1692, 1
facoltà_1693, 1
facoltà_1694, 1
facoltà_1695, 1
facoltà_1696, 1
facoltà_1697, 1
facoltà_1698, 1
facoltà_1699, 1
facoltà_17, 1
facoltà_170, 1
facoltà_1700, 1
facoltà_1701, 1
facoltà_1702, 1
facoltà_1703, 1
facoltà_1704, 1
facoltà_1705, 1
facoltà_1706, 1
facoltà_1707, 1
facoltà_1708, 1
facoltà_1709, 1
facoltà_171, 1
facoltà_1710, 1
facoltà_1711, 1
facoltà_1712, 1
facoltà_1713, 1
facoltà_1714, 1
facoltà_1715, 1
facoltà_1716, 1
facoltà_1717, 1
facoltà_1718, 1
facoltà_1719, 1
facoltà_172, 1
facoltà_1720, 1
facoltà_1721, 1
facoltà_1722, 1
facoltà_1723, 1
facoltà_1724, 1
facoltà_1725, 1
facoltà_1726, 1
facoltà_1727, 1
facoltà_1728, 1
facoltà_1729, 1
facoltà_173, 1
facoltà_1730, 1
facoltà_1731, 1
facoltà_1732, 1
facoltà_1733, 1
facoltà_1734, 1
facoltà_1735, 1
facoltà_1736, 1
facoltà_1737, 1
facoltà_1738, 1
facoltà_1739, 1
facoltà_174, 1
facoltà_1740, 1
facoltà_1741, 1
facoltà_1742, 1
facoltà_1743, 1
facoltà_1744, 1
facoltà_1745, 1
facoltà_1746, 1
facoltà_1747, 1
facoltà_1748, 1
facoltà_1749, 1
facoltà_175, 1
facoltà_1750, 1
facoltà_1751, 1
facoltà_1752, 1
facoltà_1753, 1
facoltà_1754, 1
facoltà_1755, 1
facoltà_1756, 1
facoltà_1757, 1
facoltà_1758, 1
facoltà_1759, 1
facoltà_176, 1
facoltà_1760, 1
facoltà_1761, 1
facoltà_1762, 1
facoltà_1763, 1
facoltà_1764, 1
facoltà_1765, 1
facoltà_1766, 1
facoltà_1767, 1
facoltà_1768, 1
facoltà_1769, 1
facoltà_177, 1
facoltà_1770, 1
facoltà_1771, 1
facoltà_1772, 1
facoltà_1773, 1
facoltà_1774, 1
facoltà_1775, 1
facoltà_1776, 1
facoltà_1777, 1
facoltà_1778, 1
facoltà_1779, 1
facoltà_178, 1
facoltà_1780, 1
facoltà_1781, 1
facoltà_1782, 1
facoltà_1783, 1
facoltà_1784, 1
facoltà_1785, 1
facoltà_1786, 1
facoltà_1787, 1
facoltà_1788, 1
facoltà_1789, 1
facoltà_179, 1
facoltà_1790, 1
facoltà_1791, 1
facoltà_1792, 1
facoltà_1793, 1
facoltà_1794, 1
facoltà_1795, 1
facoltà_1796, 1
facoltà_1797, 1
facoltà_1798, 1
facoltà_1799, 1
facoltà_18, 1
facoltà_180, 1
facoltà_1800, 1
facoltà_1801, 1
facoltà_1802, 1
facoltà_1803, 1
facoltà_1804, 1
facoltà_1805, 1
facoltà_1806, 1
facoltà_1807, 1
facoltà_1808, 1
facoltà_1809, 1
facoltà_181, 1
facoltà_1810, 1
facoltà_1811, 1
facoltà_1812, 1
facoltà_1813, 1
facoltà_1814, 1
facoltà_1815, 1
facoltà_1816, 1
facoltà_1817, 1
facoltà_1818, 1
facoltà_1819, 1
facoltà_182, 1
facoltà_1820, 1
facoltà_1821, 1
facoltà_1822, 1
facoltà_1823, 1
facoltà_1824, 1
facoltà_1825, 1
facoltà_1826, 1
facoltà_1827, 1
facoltà_1828, 1
facoltà_1829, 1
facoltà_183, 1
facoltà_1830, 1
facoltà_1831, 1
facoltà_1832, 1
facoltà_1833, 1
facoltà_1834, 1
facoltà_1835, 1
facoltà_1836, 1
facoltà_1837, 1
facoltà_1838, 1
facoltà_1839, 1
facoltà_184, 1
facoltà_1840, 1
facoltà_1841, 1
facoltà_1842, 1
facoltà_1843, 1
facoltà_1844, 1
facoltà_1845, 1
facoltà_1846, 1
facoltà_1847, 1
facoltà_1848, 1
facoltà_1849, 1
facoltà_185, 1
facoltà_1850, 1
facoltà_1851, 1
facoltà_1852, 1
facoltà_1853, 1
facoltà_1854, 1
facoltà_1855, 1
facoltà_1856, 1
facoltà_1857, 1
facoltà_1858, 1
facoltà_1859, 1
facoltà_186, 1
facoltà_1860, 1
facoltà_1861, 1
facoltà_1862, 1
facoltà_1863, 1
facoltà_1864, 1
facoltà_1865, 1
facoltà_1866, 1
facoltà_1867, 1
facoltà_1868, 1
facoltà_1869, 1
facoltà_187, 1
facoltà_1870, 1
facoltà_1871, 1
facoltà_1872, 1
facoltà_1873, 1
facoltà_1874, 1
facoltà_1875, 1
facoltà_1876, 1
facoltà_1877, 1
facoltà_1878, 1
facoltà_1879, 1
facoltà_188, 1
facoltà_1880, 1
facoltà_1881, 1
facoltà_1882, 1
facoltà_1883, 1
facoltà_1884, 1
facoltà_1885, 1
facoltà_1886, 1
facoltà_1887, 1
facoltà_1888, 1
facoltà_1889, 1
facoltà_189, 1
facoltà_1890, 1
facoltà_1891, 1
facoltà_1892, 1
facoltà_1893, 1
facoltà_1894, 1
facoltà_1895, 1
facoltà_1896, 1
facoltà_1897, 1
facoltà_1898, 1
facoltà_1899, 1
facoltà_19, 1
facoltà_190, 1
facoltà_1900, 1
facoltà_1901, 1
facoltà_1902, 1
facoltà_1903, 1
facoltà_1904, 1
facoltà_1905, 1
facoltà_1906, 1
facoltà_1907, 1
facoltà_1908, 1
facoltà_1909, 1
facoltà_191, 1
facoltà_1910, 1
facoltà_1911, 1
facoltà_1912, 1
facoltà_1913, 1
facoltà_1914, 1
facoltà_1915, 1
facoltà_1916, 1
facoltà_1917, 1
facoltà_1918, 1
facoltà_1919, 1
facoltà_192, 1
facoltà_1920, 1
facoltà_193, 1
facoltà_194, 1
facoltà_195, 1
facoltà_196, 1
facoltà_197, 1
facoltà_198, 1
facoltà_199, 1
facoltà_2, 1
facoltà_20, 1
facoltà_200, 1
facoltà_201, 1
facoltà_202, 1
facoltà_203, 1
facoltà_204, 1
facoltà_205, 1
facoltà_206, 1
facoltà_207, 1
facoltà_208, 1
facoltà_209, 1
facoltà_21, 1
facoltà_210, 1
facoltà_211, 1
facoltà_212, 1
facoltà_213, 1
facoltà_214, 1
facoltà_215, 1
facoltà_216, 1
facoltà_217, 1
facoltà_218, 1
facoltà_219, 1
facoltà_22, 1
facoltà_220, 1
facoltà_221, 1
facoltà_222, 1
facoltà_223, 1
facoltà_224, 1
facoltà_225, 1
facoltà_226, 1
facoltà_227, 1
facoltà_228, 1
facoltà_229, 1
facoltà_23, 1
facoltà_230, 1
facoltà_231, 1
facoltà_232, 1
facoltà_233, 1
facoltà_234, 1
facoltà_235, 1
facoltà_236, 1
facoltà_237, 1
facoltà_238, 1
facoltà_239, 1
facoltà_24, 1
facoltà_240, 1
facoltà_241, 1
facoltà_242, 1
facoltà_243, 1
facoltà_244, 1
facoltà_245, 1
facoltà_246, 1
facoltà_247, 1
facoltà_248, 1
facoltà_249, 1
facoltà_25, 1
facoltà_250, 1
facoltà_251, 1
facoltà_252, 1
facoltà_253, 1
facoltà_254, 1
facoltà_255, 1
facoltà_256, 1
facoltà_257, 1
facoltà_258, 1
facoltà_259, 1
facoltà_26, 1
facoltà_260, 1
facoltà_261, 1
facoltà_262, 1
facoltà_263, 1
facoltà_264, 1
facoltà_265, 1
facoltà_266, 1
facoltà_267, 1
facoltà_268, 1
facoltà_269, 1
facoltà_27, 1
facoltà_270, 1
facoltà_271, 1
facoltà_272, 1
facoltà_273, 1
facoltà_274, 1
facoltà_275, 1
facoltà_276, 1
facoltà_277, 1
facoltà_278, 1
facoltà_279, 1
facoltà_28, 1
facoltà_280, 1
facoltà_281, 1
facoltà_282, 1
facoltà_283, 1
facoltà_284, 1
facoltà_285, 1
facoltà_286, 1
facoltà_287, 1
facoltà_288, 1
facoltà_289, 1
facoltà_29, 1
facoltà_290, 1
facoltà_291, 1
facoltà_292, 1
facoltà_293, 1
facoltà_294, 1
facoltà_295, 1
facoltà_296, 1
facoltà_297, 1
facoltà_298, 1
facoltà_299, 1
facoltà_3, 1
facoltà_30, 1
facoltà_300, 1
facoltà_301, 1
facoltà_302, 1
facoltà_303, 1
facoltà_304, 1
facoltà_305, 1
facoltà_306, 1
facoltà_307, 1
facoltà_308, 1
facoltà_309, 1
facoltà_31, 1
facoltà_310, 1
facoltà_311, 1
facoltà_312, 1
facoltà_313, 1
facoltà_314, 1
facoltà_315, 1
facoltà_316, 1
facoltà_317, 1
facoltà_318, 1
facoltà_319, 1
facoltà_32, 1
facoltà_320, 1
facoltà_321, 1
facoltà_322, 1
facoltà_323, 1
facoltà_324, 1
facoltà_325, 1
facoltà_326, 1
facoltà_327, 1
facoltà_328, 1
facoltà_329, 1
facoltà_33, 1
facoltà_330, 1
facoltà_331, 1
facoltà_332, 1
facoltà_333, 1
facoltà_334, 1
facoltà_335, 1
facoltà_336, 1
facoltà_337, 1
facoltà_338, 1
facoltà_339, 1
facoltà_34, 1
facoltà_340, 1
facoltà_341, 1
facoltà_342, 1
facoltà_343, 1
facoltà_344, 1
facoltà_345, 1
facoltà_346, 1
facoltà_347, 1
facoltà_348, 1
facoltà_349, 1
facoltà_35, 1
facoltà_350, 1
facoltà_351, 1
facoltà_352, 1
facoltà_353, 1
facoltà_354, 1
facoltà_355, 1
facoltà_356, 1
facoltà_357, 1
facoltà_358, 1
facoltà_359, 1
facoltà_36, 1
facoltà_360, 1
facoltà_361, 1
facoltà_362, 1
facoltà_363, 1
facoltà_364, 1
facoltà_365, 1
facoltà_366, 1
facoltà_367, 1
facoltà_368, 1
facoltà_369, 1
facoltà_37, 1
facoltà_370, 1
facoltà_371, 1
facoltà_372, 1
facoltà_373, 1
facoltà_374, 1
facoltà_375, 1
facoltà_376, 1
facoltà_377, 1
facoltà_378, 1
facoltà_379, 1
facoltà_38, 1
facoltà_380, 1
facoltà_381, 1
facoltà_382, 1
facoltà_383, 1
facoltà_384, 1
facoltà_385, 1
facoltà_386, 1
facoltà_387, 1
facoltà_388, 1
facoltà_389, 1
facoltà_39, 1
facoltà_390, 1
facoltà_391, 1
facoltà_392, 1
facoltà_393, 1
facoltà_394, 1
facoltà_395, 1
facoltà_396, 1
facoltà_397, 1
facoltà_398, 1
facoltà_399, 1
facoltà_4, 1
facoltà_40, 1
facoltà_400, 1
facoltà_401, 1
facoltà_402, 1
facoltà_403, 1
facoltà_404, 1
facoltà_405, 1
facoltà_406, 1
facoltà_407, 1
facoltà_408, 1
facoltà_409, 1
facoltà_41, 1
facoltà_410, 1
facoltà_411, 1
facoltà_412, 1
facoltà_413, 1
facoltà_414, 1
facoltà_415, 1
facoltà_416, 1
facoltà_417, 1
facoltà_418, 1
facoltà_419, 1
facoltà_42, 1
facoltà_420, 1
facoltà_421, 1
facoltà_422, 1
facoltà_423, 1
facoltà_424, 1
facoltà_425, 1
facoltà_426, 1
facoltà_427, 1
facoltà_428, 1
facoltà_429, 1
facoltà_43, 1
facoltà_430, 1
facoltà_431, 1
facoltà_432, 1
facoltà_433, 1
facoltà_434, 1
facoltà_435, 1
facoltà_436, 1
facoltà_437, 1
facoltà_438, 1
facoltà_439, 1
facoltà_44, 1
facoltà_440, 1
facoltà_441, 1
facoltà_442, 1
facoltà_443, 1
facoltà_444, 1
facoltà_445, 1
facoltà_446, 1
facoltà_447, 1
facoltà_448, 1
facoltà_449, 1
facoltà_45, 1
facoltà_450, 1
facoltà_451, 1
facoltà_452, 1
facoltà_453, 1
facoltà_454, 1
facoltà_455, 1
facoltà_456, 1
facoltà_457, 1
facoltà_458, 1
facoltà_459, 1
facoltà_46, 1
facoltà_460, 1
facoltà_461, 1
facoltà_462, 1
facoltà_463, 1
facoltà_464, 1
facoltà_465, 1
facoltà_466, 1
facoltà_467, 1
facoltà_468, 1
facoltà_469, 1
facoltà_47, 1
facoltà_470, 1
facoltà_471, 1
facoltà_472, 1
facoltà_473, 1
facoltà_474, 1
facoltà_475, 1
facoltà_476, 1
facoltà_477, 1
facoltà_478, 1
facoltà_479, 1
facoltà_48, 1
facoltà_480, 1
facoltà_481, 1
facoltà_482, 1
facoltà_483, 1
facoltà_484, 1
facoltà_485, 1
facoltà_486, 1
facoltà_487, 1
facoltà_488, 1
facoltà_489, 1
facoltà_49, 1
facoltà_490, 1
facoltà_491, 1
facoltà_492, 1
facoltà_493, 1
facoltà_494, 1
facoltà_495, 1
facoltà_496, 1
facoltà_497, 1
facoltà_498, 1
facoltà_499, 1
facoltà_5, 1
facoltà_50, 1
facoltà_500, 1
facoltà_501, 1
facoltà_502, 1
facoltà_503, 1
facoltà_504, 1
facoltà_505, 1
facoltà_506, 1
facoltà_507, 1
facoltà_508, 1
facoltà_509, 1
facoltà_51, 1
facoltà_510, 1
facoltà_511, 1
facoltà_512, 1
facoltà_513, 1
facoltà_514, 1
facoltà_515, 1
facoltà_516, 1
facoltà_517, 1
facoltà_518, 1
facoltà_519, 1
facoltà_52, 1
facoltà_520, 1
facoltà_521, 1
facoltà_522, 1
facoltà_523, 1
facoltà_524, 1
facoltà_525, 1
facoltà_526, 1
facoltà_527, 1
facoltà_528, 1
facoltà_529, 1
facoltà_53, 1
facoltà_530, 1
facoltà_531, 1
facoltà_532, 1
facoltà_533, 1
facoltà_534, 1
facoltà_535, 1
facoltà_536, 1
facoltà_537, 1
facoltà_538, 1
facoltà_539, 1
facoltà_54, 1
facoltà_540, 1
facoltà_541, 1
facoltà_542, 1
facoltà_543, 1
facoltà_544, 1
facoltà_545, 1
facoltà_546, 1
facoltà_547, 1
facoltà_548, 1
facoltà_549, 1
facoltà_55, 1
facoltà_550, 1
facoltà_551, 1
facoltà_552, 1
facoltà_553, 1
facoltà_554, 1
facoltà_555, 1
facoltà_556, 1
facoltà_557, 1
facoltà_558, 1
facoltà_559, 1
facoltà_56, 1
facoltà_560, 1
facoltà_561, 1
facoltà_562, 1
facoltà_563, 1
facoltà_564, 1
facoltà_565, 1
facoltà_566, 1
facoltà_567, 1
facoltà_568, 1
facoltà_569, 1
facoltà_57, 1
facoltà_570, 1
facoltà_571, 1
facoltà_572, 1
facoltà_573, 1
facoltà_574, 1
facoltà_575, 1
facoltà_576, 1
facoltà_577, 1
facoltà_578, 1
facoltà_579, 1
facoltà_58, 1
facoltà_580, 1
facoltà_581, 1
facoltà_582, 1
facoltà_583, 1
facoltà_584, 1
facoltà_585, 1
facoltà_586, 1
facoltà_587, 1
facoltà_588, 1
facoltà_589, 1
facoltà_59, 1
facoltà_590, 1
facoltà_591, 1
facoltà_592, 1
facoltà_593, 1
facoltà_594, 1
facoltà_595, 1
facoltà_596, 1
facoltà_597, 1
facoltà_598, 1
facoltà_599, 1
facoltà_6, 1
facoltà_60, 1
facoltà_600, 1
facoltà_601, 1
facoltà_602, 1
facoltà_603, 1
facoltà_604, 1
facoltà_605, 1
facoltà_606, 1
facoltà_607, 1
facoltà_608, 1
facoltà_609, 1
facoltà_61, 1
facoltà_610, 1
facoltà_611, 1
facoltà_612, 1
facoltà_613, 1
facoltà_614, 1
facoltà_615, 1
facoltà_616, 1
facoltà_617, 1
facoltà_618, 1
facoltà_619, 1
facoltà_62, 1
facoltà_620, 1
facoltà_621, 1
facoltà_622, 1
facoltà_623, 1
facoltà_624, 1
facoltà_625, 1
facoltà_626, 1
facoltà_627, 1
facoltà_628, 1
facoltà_629, 1
facoltà_63, 1
facoltà_630, 1
facoltà_631, 1
facoltà_632, 1
facoltà_633, 1
facoltà_634, 1
facoltà_635, 1
facoltà_636, 1
facoltà_637, 1
facoltà_638, 1
facoltà_639, 1
facoltà_64, 1
facoltà_640, 1
facoltà_641, 1
facoltà_642, 1
facoltà_643, 1
facoltà_644, 1
facoltà_645, 1
facoltà_646, 1
facoltà_647, 1
facoltà_648, 1
facoltà_649, 1
facoltà_65, 1
facoltà_650, 1
facoltà_651, 1
facoltà_652, 1
facoltà_653, 1
facoltà_654, 1
facoltà_655, 1
facoltà_656, 1
facoltà_657, 1
facoltà_658, 1
facoltà_659, 1
facoltà_66, 1
facoltà_660, 1
facoltà_661, 1
facoltà_662, 1
facoltà_663, 1
facoltà_664, 1
facoltà_665, 1
facoltà_666, 1
facoltà_667, 1
facoltà_668, 1
facoltà_669, 1
facoltà_67, 1
facoltà_670, 1
facoltà_671, 1
facoltà_672, 1
facoltà_673, 1
facoltà_674, 1
facoltà_675, 1
facoltà_676, 1
facoltà_677, 1
facoltà_678, 1
facoltà_679, 1
facoltà_68, 1
facoltà_680, 1
facoltà_681, 1
facoltà_682, 1
facoltà_683, 1
facoltà_684, 1
facoltà_685, 1
facoltà_686, 1
facoltà_687, 1
facoltà_688, 1
facoltà_689, 1
facoltà_69, 1
facoltà_690, 1
facoltà_691, 1
facoltà_692, 1
facoltà_693, 1
facoltà_694, 1
facoltà_695, 1
facoltà_696, 1
facoltà_697, 1
facoltà_698, 1
facoltà_699, 1
facoltà_7, 1
facoltà_70, 1
facoltà_700, 1
facoltà_701, 1
facoltà_702, 1
facoltà_703, 1
facoltà_704, 1
facoltà_705, 1
facoltà_706, 1
facoltà_707, 1
facoltà_708, 1
facoltà_709, 1
facoltà_71, 1
facoltà_710, 1
facoltà_711, 1
facoltà_712, 1
facoltà_713, 1
facoltà_714, 1
facoltà_715, 1
facoltà_716, 1
facoltà_717, 1
facoltà_718, 1
facoltà_719, 1
facoltà_72, 1
facoltà_720, 1
facoltà_721, 1
facoltà_722, 1
facoltà_723, 1
facoltà_724, 1
facoltà_725, 1
facoltà_726, 1
facoltà_727, 1
facoltà_728, 1
facoltà_729, 1
facoltà_73, 1
facoltà_730, 1
facoltà_731, 1
facoltà_732, 1
facoltà_733, 1
facoltà_734, 1
facoltà_735, 1
facoltà_736, 1
facoltà_737, 1
facoltà_738, 1
facoltà_739, 1
facoltà_74, 1
facoltà_740, 1
facoltà_741, 1
facoltà_742, 1
facoltà_743, 1
facoltà_744, 1
facoltà_745, 1
facoltà_746, 1
facoltà_747, 1
facoltà_748, 1
facoltà_749, 1
facoltà_75, 1
facoltà_750, 1
facoltà_751, 1
facoltà_752, 1
facoltà_753, 1
facoltà_754, 1
facoltà_755, 1
facoltà_756, 1
facoltà_757, 1
facoltà_758, 1
facoltà_759, 1
facoltà_76, 1
facoltà_760, 1
facoltà_761, 1
facoltà_762, 1
facoltà_763, 1
facoltà_764, 1
facoltà_765, 1
facoltà_766, 1
facoltà_767, 1
facoltà_768, 1
facoltà_769, 1
facoltà_77, 1
facoltà_770, 1
facoltà_771, 1
facoltà_772, 1
facoltà_773, 1
facoltà_774, 1
facoltà_775, 1
facoltà_776, 1
facoltà_777, 1
facoltà_778, 1
facoltà_779, 1
facoltà_78, 1
facoltà_780, 1
facoltà_781, 1
facoltà_782, 1
facoltà_783, 1
facoltà_784, 1
facoltà_785, 1
facoltà_786, 1
facoltà_787, 1
facoltà_788, 1
facoltà_789, 1
facoltà_79, 1
facoltà_790, 1
facoltà_791, 1
facoltà_792, 1
facoltà_793, 1
facoltà_794, 1
facoltà_795, 1
facoltà_796, 1
facoltà_797, 1
facoltà_798, 1
facoltà_799, 1
facoltà_8, 1
facoltà_80, 1
facoltà_800, 1
facoltà_801, 1
facoltà_802, 1
facoltà_803, 1
facoltà_804, 1
facoltà_805, 1
facoltà_806, 1
facoltà_807, 1
facoltà_808, 1
facoltà_809, 1
facoltà_81, 1
facoltà_810, 1
facoltà_811, 1
facoltà_812, 1
facoltà_813, 1
facoltà_814, 1
facoltà_815, 1
facoltà_816, 1
facoltà_817, 1
facoltà_818, 1
facoltà_819, 1
facoltà_82, 1
facoltà_820, 1
facoltà_821, 1
facoltà_822, 1
facoltà_823, 1
facoltà_824, 1
facoltà_825, 1
facoltà_826, 1
facoltà_827, 1
facoltà_828, 1
facoltà_829, 1
facoltà_83, 1
facoltà_830, 1
facoltà_831, 1
facoltà_832, 1
facoltà_833, 1
facoltà_834, 1
facoltà_835, 1
facoltà_836, 1
facoltà_837, 1
facoltà_838, 1
facoltà_839, 1
facoltà_84, 1
facoltà_840, 1
facoltà_841, 1
facoltà_842, 1
facoltà_843, 1
facoltà_844, 1
facoltà_845, 1
facoltà_846, 1
facoltà_847, 1
facoltà_848, 1
facoltà_849, 1
facoltà_85, 1
facoltà_850, 1
facoltà_851, 1
facoltà_852, 1
facoltà_853, 1
facoltà_854, 1
facoltà_855, 1
facoltà_856, 1
facoltà_857, 1
facoltà_858, 1
facoltà_859, 1
facoltà_86, 1
facoltà_860, 1
facoltà_861, 1
facoltà_862, 1
facoltà_863, 1
facoltà_864, 1
facoltà_865, 1
facoltà_866, 1
facoltà_867, 1
facoltà_868, 1
facoltà_869, 1
facoltà_87, 1
facoltà_870, 1
facoltà_871, 1
facoltà_872, 1
facoltà_873, 1
facoltà_874, 1
facoltà_875, 1
facoltà_876, 1
facoltà_877, 1
facoltà_878, 1
facoltà_879, 1
facoltà_88, 1
facoltà_880, 1
facoltà_881, 1
facoltà_882, 1
facoltà_883, 1
facoltà_884, 1
facoltà_885, 1
facoltà_886, 1
facoltà_887, 1
facoltà_888, 1
facoltà_889, 1
facoltà_89, 1
facoltà_890, 1
facoltà_891, 1
facoltà_892, 1
facoltà_893, 1
facoltà_894, 1
facoltà_895, 1
facoltà_896, 1
facoltà_897, 1
facoltà_898, 1
facoltà_899, 1
facoltà_9, 1
facoltà_90, 1
facoltà_900, 1
facoltà_901, 1
facoltà_902, 1
facoltà_903, 1
facoltà_904, 1
facoltà_905, 1
facoltà_906, 1
facoltà_907, 1
facoltà_908, 1
facoltà_909, 1
facoltà_91, 1
facoltà_910, 1
facoltà_911, 1
facoltà_912, 1
facoltà_913, 1
facoltà_914, 1
facoltà_915, 1
facoltà_916, 1
facoltà_917, 1
facoltà_918, 1
facoltà_919, 1
facoltà_92, 1
facoltà_920, 1
facoltà_921, 1
facoltà_922, 1
facoltà_923, 1
facoltà_924, 1
facoltà_925, 1
facoltà_926, 1
facoltà_927, 1
facoltà_928, 1
facoltà_929, 1
facoltà_93, 1
facoltà_930, 1
facoltà_931, 1
facoltà_932, 1
facoltà_933, 1
facoltà_934, 1
facoltà_935, 1
facoltà_936, 1
facoltà_937, 1
facoltà_938, 1
facoltà_939, 1
facoltà_94, 1
facoltà_940, 1
facoltà_941, 1
facoltà_942, 1
facoltà_943, 1
facoltà_944, 1
facoltà_945, 1
facoltà_946, 1
facoltà_947, 1
facoltà_948, 1
facoltà_949, 1
facoltà_95, 1
facoltà_950, 1
facoltà_951, 1
facoltà_952, 1
facoltà_953, 1
facoltà_954, 1
facoltà_955, 1
facoltà_956, 1
facoltà_957, 1
facoltà_958, 1
facoltà_959, 1
facoltà_96, 1
facoltà_960, 1
facoltà_961, 1
facoltà_962, 1
facoltà_963, 1
facoltà_964, 1
facoltà_965, 1
facoltà_966, 1
facoltà_967, 1
facoltà_968, 1
facoltà_969, 1
facoltà_97, 1
facoltà_970, 1
facoltà_971, 1
facoltà_972, 1
facoltà_973, 1
facoltà_974, 1
facoltà_975, 1
facoltà_976, 1
facoltà_977, 1
facoltà_978, 1
facoltà_979, 1
facoltà_98, 1
facoltà_980, 1
facoltà_981, 1
facoltà_982, 1
facoltà_983, 1
facoltà_984, 1
facoltà_985, 1
facoltà_986, 1
facoltà_987, 1
facoltà_988, 1
facoltà_989, 1
facoltà_99, 1
facoltà_990, 1
facoltà_991, 1
facoltà_992, 1
facoltà_993, 1
facoltà_994, 1
facoltà_995, 1
facoltà_996, 1
facoltà_997, 1
facoltà_998, 1
facoltà_999, 1
search_1, 2
search_10, 2
search_100, 2
search_1000, 2
search_1001, 2
search_1002, 2
search_1003, 2
search_1004, 2
search_1005, 2
search_1006, 2
search_1007, 2
search_1008, 2
search_1009, 2
search_101, 2
search_1010, 2
search_1011, 2
search_1012, 2
search_1013, 2
search_1014, 2
search_1015, 2
search_1016, 2
search_1017, 2
search_1018, 2
search_1019, 2
search_102, 2
search_1020, 2
search_1021, 2
search_1022, 2
search_1023, 2
search_1024, 2
search_1025, 2
search_1026, 2
search_1027, 2
search_1028, 2
search_1029, 2
search_103, 2
search_1030, 2
search_1031, 2
search_1032, 2
search_1033, 2
search_1034, 2
search_1035, 2
search_1036, 2
search_1037, 2
search_1038, 2
search_1039, 2
search_104, 2
search_1040, 2
search_1041, 2
search_1042, 2
search_1043, 2
search_1044, 2
search_1045, 2
search_1046, 2
search_1047, 2
search_1048, 2
search_1049, 2
search_105, 2
search_1050, 2
search_1051, 2
search_1052, 2
search_1053, 2
search_1054, 2
search_1055, 2
search_1056, 2
search_1057, 2
search_1058, 2
search_1059, 2
search_106, 2
search_1060, 2
search_1061, 2
search_1062, 2
search_1063, 2
search_1064, 2
search_1065, 2
search_1066, 2
search_1067, 2
search_1068, 2
search_1069, 2
search_107, 2
search_1070, 2
search_1071, 2
search_1072, 2
search_1073, 2
search_1074, 2
search_1075, 2
search_1076, 2
search_1077, 2
search_1078, 2
search_1079, 2
search_108, 2
search_1080, 2
search_1081, 2
search_1082, 2
search_1083, 2
search_1084, 2
search_1085, 2
search_1086, 2
search_1087, 2
search_1088, 2
search_1089, 2
search_109, 2
search_1090, 2
search_1091, 2
search_1092, 2
search_1093, 2
search_1094, 2
search_1095, 2
search_1096, 2
search_1097, 2
search_1098, 2
search_1099, 2
search_11, 2
search_110, 2
search_1100, 2
search_1101, 2
search_1102, 2
search_1103, 2
search_1104, 2
search_1105, 2
search_1106, 2
search_1107, 2
search_1108, 2
search_1109, 2
search_111, 2
search_1110, 2
search_1111, 2
search_1112, 2
search_1113, 2
search_1114, 2
search_1115, 2
search_1116, 2
search_1117, 2
search_1118, 2
search_1119, 2
search_112, 2
search_1120, 2
search_1121, 2
search_1122, 2
search_1123, 2
search_1124, 2
search_1125, 2
search_1126, 2
search_1127, 2
search_1128, 2
search_1129, 2
search_113, 2
search_1130, 2
search_1131, 2
search_1132, 2
search_1133, 2
search_1134, 2
search_1135, 2
search_1136, 2
search_1137, 2
search_1138, 2
search_1139, 2
search_114, 2
search_1140, 2
search_1141, 2
search_1142, 2
search_1143, 2
search_1144, 2
search_1145, 2
search_1146, 2
search_1147, 2
search_1148, 2
search_1149, 2
search_115, 2
search_1150, 2
search_1151, 2
search_1152, 2
search_1153, 2
search_1154, 2
search_1155, 2
search_1156, 2
search_1157, 2
search_1158, 2
search_1159, 2
search_116, 2
search_1160, 2
search_1161, 2
search_1162, 2
search_1163, 2
search_1164, 2
search_1165, 2
search_1166, 2
search_1167, 2
search_1168, 2
search_1169, 2
search_117, 2
search_1170, 2
search_1171, 2
search_1172, 2
search_1173, 2
search_1174, 2
search_1175, 2
search_1176, 2
search_1177, 2
search_1178, 2
search_1179, 2
search_118, 2
search_1180, 2
search_1181, 2
search_1182, 2
search_1183, 2
search_1184, 2
search_1185, 2
search_1186, 2
search_1187, 2
search_1188, 2
search_1189, 2
search_119, 2
search_1190, 2
search_1191, 2
search_1192, 2
search_1193, 2
search_1194, 2
search_1195, 2
search_1196, 2
search_1197, 2
search_1198, 2
search_1199, 2
search_12, 2
search_120, 2
search_1200, 2
search_1201, 2
search_1202, 2
search_1203, 2
search_1204, 2
search_1205, 2
search_1206, 2
search_1207, 2
search_1208, 2
search_1209, 2
search_121, 2
search_1210, 2
search_1211, 2
search_1212, 2
search_1213, 2
search_1214, 2
search_1215, 2
search_1216, 2
search_1217, 2
search_1218, 2
search_1219, 2
search_122, 2
search_1220, 2
search_1221, 2
search_1222, 2
search_1223, 2
search_1224, 2
search_1225, 2
search_1226, 2
search_1227, 2
search_1228, 2
search_1229, 2
search_123, 2
search_1230, 2
search_1231, 2
search_1232, 2
search_1233, 2
search_1234, 2
search_1235, 2
search_1236, 2
search_1237, 2
search_1238, 2
search_1239, 2
search_124, 2
search_1240, 2
search_1241, 2
search_1242, 2
search_1243, 2
search_1244, 2
search_1245, 2
search_1246, 2
search_1247, 2
search_1248, 2
search_1249, 2
search_125, 2
search_1250, 2
search_1251, 2
search_1252, 2
search_1253, 2
search_1254, 2
search_1255, 2
search_1256, 2
search_1257, 2
search_1258, 2
search_1259, 2
search_126, 2
search_1260, 2
search_1261, 2
search_1262, 2
search_1263, 2
search_1264, 2
search_1265, 2
search_1266, 2
search_1267, 2
search_1268, 2
search_1269, 2
search_127, 2
search_1270, 2
search_1271, 2
search_1272, 2
search_1273, 2
search_1274, 2
search_1275, 2
search_1276, 2
search_1277, 2
search_1278, 2
search_1279, 2
search_128, 2
search_1280, 2
search_1281, 2
search_1282, 2
search_1283, 2
search_1284, 2
search_1285, 2
search_1286, 2
search_1287, 2
search_1288, 2
search_1289, 2
search_129, 2
search_1290, 2
search_1291, 2
search_1292, 2
search_1293, 2
search_1294, 2
search_1295, 2
search_1296, 2
search_1297, 2
search_1298, 2
search_1299, 2
search_13, 2
search_130, 2
search_1300, 2
search_1301, 2
search_1302, 2
search_1303, 2
search_1304, 2
search_1305, 2
search_1306, 2
search_1307, 2
search_1308, 2
search_1309, 2
search_131, 2
search_1310, 2
search_1311, 2
search_1312, 2
search_1313, 2
search_1314, 2
search_1315, 2
search_1316, 2
search_1317, 2
search_1318, 2
search_1319, 2
search_132, 2
search_1320, 2
search_1321, 2
search_1322, 2
search_1323, 2
search_1324, 2
search_1325, 2
search_1326, 2
search_1327, 2
search_1328, 2
search_1329, 2
search_133, 2
search_1330, 2
search_1331, 2
search_1332, 2
search_1333, 2
search_1334, 2
search_1335, 2
search_1336, 2
search_1337, 2
search_1338, 2
search_1339, 2
search_134, 2
search_1340, 2
search_1341, 2
search_1342, 2
search_1343, 2
search_1344, 2
search_1345, 2
search_1346, 2
search_1347, 2
search_1348, 2
search_1349, 2
search_135, 2
search_1350, 2
search_1351, 2
search_1352, 2
search_1353, 2
search_1354, 2
search_1355, 2
search_1356, 2
search_1357, 2
search_1358, 2
search_1359, 2
search_136, 2
search_1360, 2
search_1361, 2
search_1362, 2
search_1363, 2
search_1364, 2
search_1365, 2
search_1366, 2
search_1367, 2
search_1368, 2
search_1369, 2
search_137, 2
search_1370, 2
search_1371, 2
search_1372, 2
search_1373, 2
search_1374, 2
search_1375, 2
search_1376, 2
search_1377, 2
search_1378, 2
search_1379, 2
search_138, 2
search_1380, 2
search_1381, 2
search_1382, 2
search_1383, 2
search_1384, 2
search_1385, 2
search_1386, 2
search_1387, 2
search_1388, 2
search_1389, 2
search_139, 2
search_1390, 2
search_1391, 2
search_1392, 2
search_1393, 2
search_1394, 2
search_1395, 2
search_1396, 2
search_1397, 2
search_1398, 2
search_1399, 2
search_14, 2
search_140, 2
search_1400, 2
search_1401, 2
search_1402, 2
search_1403, 2
search_1404, 2
search_1405, 2
search_1406, 2
search_1407, 2
search_1408, 2
search_1409, 2
search_141, 2
search_1410, 2
search_1411, 2
search_1412, 2
search_1413, 2
search_1414, 2
search_1415, 2
search_1416, 2
search_1417, 2
search_1418, 2
search_1419, 2
search_142, 2
search_1420, 2
search_1421, 2
search_1422, 2
search_1423, 2
search_1424, 2
search_1425, 2
search_1426, 2
search_1427, 2
search_1428, 2
search_1429, 2
search_143, 2
search_1430, 2
search_1431, 2
search_1432, 2
search_1433, 2
search_1434, 2
search_1435, 2
search_1436, 2
search_1437, 2
search_1438, 2
search_1439, 2
search_144, 2
search_1440, 2
search_1441, 2
search_1442, 2
search_1443, 2
search_1444, 2
search_1445, 2
search_1446, 2
search_1447, 2
search_1448, 2
search_1449, 2
search_145, 2
search_1450, 2
search_1451, 2
search_1452, 2
search_1453, 2
search_1454, 2
search_1455, 2
search_1456, 2
search_1457, 2
search_1458, 2
search_1459, 2
search_146, 2
search_1460, 2
search_1461, 2
search_1462, 2
search_1463, 2
search_1464, 2
search_1465, 2
search_1466, 2
search_1467, 2
search_1468, 2
search_1469, 2
search_147, 2
search_1470, 2
search_1471, 2
search_1472, 2
search_1473, 2
search_1474, 2
search_1475, 2
search_1476, 2
search_1477, 2
search_1478, 2
search_1479, 2
search_148, 2
search_1480, 2
search_1481, 2
search_1482, 2
search_1483, 2
search_1484, 2
search_1485, 2
search_1486, 2
search_1487, 2
search_1488, 2
search_1489, 2
search_149, 2
search_1490, 2
search_1491, 2
search_1492, 2
search_1493, 2
search_1494, 2
search_1495, 2
search_1496, 2
search_1497, 2
search_1498, 2
search_1499, 2
search_15, 2
search_150, 2
search_1500, 2
search_1501, 2
search_1502, 2
search_1503, 2
search_1504, 2
search_1505, 2
search_1506, 2
search_1507, 2
search_1508, 2
search_1509, 2
search_151, 2
search_1510, 2
search_1511, 2
search_1512, 2
search_1513, 2
search_1514, 2
search_1515, 2
search_1516, 2
search_1517, 2
search_1518, 2
search_1519, 2
search_152, 2
search_1520, 2
search_1521, 2
search_1522, 2
search_1523, 2
search_1524, 2
search_1525, 2
search_1526, 2
search_1527, 2
search_1528, 2
search_1529, 2
search_153, 2
search_1530, 2
search_1531, 2
search_1532, 2
search_1533, 2
search_1534, 2
search_1535, 2
search_1536, 2
search_1537, 2
search_1538, 2
search_1539, 2
search_154, 2
search_1540, 2
search_1541, 2
search_1542, 2
search_1543, 2
search_1544, 2
search_1545, 2
search_1546, 2
search_1547, 2
search_1548, 2
search_1549, 2
search_155, 2
search_1550, 2
search_1551, 2
search_1552, 2
search_1553, 2
search_1554, 2
search_1555, 2
search_1556, 2
search_1557, 2
search_1558, 2
search_1559, 2
search_156, 2
search_1560, 2
search_1561, 2
search_1562, 2
search_1563, 2
search_1564, 2
search_1565, 2
search_1566, 2
search_1567, 2
search_1568, 2
search_1569, 2
search_157, 2
search_1570, 2
search_1571, 2
search_1572, 2
search_1573, 2
search_1574, 2
search_1575, 2
search_1576, 2
search_1577, 2
search_1578, 2
search_1579, 2
search_158, 2
search_1580, 2
search_1581, 2
search_1582, 2
search_1583, 2
search_1584, 2
search_1585, 2
search_1586, 2
search_1587, 2
search_1588, 2
search_1589, 2
search_159, 2
search_1590, 2
search_1591, 2
search_1592, 2
search_1593, 2
search_1594, 2
search_1595, 2
search_1596, 2
search_1597, 2
search_1598, 2
search_1599, 2
search_16, 2
search_160, 2
search_1600, 2
search_1601, 2
search_1602, 2
search_1603, 2
search_1604, 2
search_1605, 2
search_1606, 2
search_1607, 2
search_1608, 2
search_1609, 2
search_161, 2
search_1610, 2
search_1611, 2
search_1612, 2
search_1613, 2
search_1614, 2
search_1615, 2
search_1616, 2
search_1617, 2
search_1618, 2
search_1619, 2
search_162, 2
search_1620, 2
search_1621, 2
search_1622, 2
search_1623, 2
search_1624, 2
search_1625, 2
search_1626, 2
search_1627, 2
search_1628, 2
search_1629, 2
search_163, 2
search_1630, 2
search_1631, 2
search_1632, 2
search_1633, 2
search_1634, 2
search_1635, 2
search_1636, 2
search_1637, 2
search_1638, 2
search_1639, 2
search_164, 2
search_1640, 2
search_1641, 2
search_1642, 2
search_1643, 2
search_1644, 2
search_1645, 2
search_1646, 2
search_1647, 2
search_1648, 2
search_1649, 2
search_165, 2
search_1650, 2
search_1651, 2
search_1652, 2
search_1653, 2
search_1654, 2
search_1655, 2
search_1656, 2
search_1657, 2
search_1658, 2
search_1659, 2
search_166, 2
search_1660, 2
search_1661, 2
search_1662, 2
search_1663, 2
search_1664, 2
search_1665, 2
search_1666, 2
search_1667, 2
search_1668, 2
search_1669, 2
search_167, 2
search_1670, 2
search_1671, 2
search_1672, 2
search_1673, 2
search_1674, 2
search_1675, 2
search_1676, 2
search_1677, 2
search_1678, 2
search_1679, 2
search_168, 2
search_1680, 2
search_1681, 2
search_1682, 2
search_1683, 2
search_1684, 2
search_1685, 2
search_1686, 2
search_1687, 2
search_1688, 2
search_1689, 2
search_169, 2
search_1690, 2
search_1691, 2
search_1692, 2
search_1693, 2
search_1694, 2
search_1695, 2
search_1696, 2
search_1697, 2
search_1698, 2
search_1699, 2
search_17, 2
search_170, 2
search_1700, 2
search_1701, 2
search_1702, 2
search_1703, 2
search_1704, 2
search_1705, 2
search_1706, 2
search_1707, 2
search_1708, 2
search_1709, 2
search_171, 2
search_1710, 2
search_1711, 2
search_1712, 2
search_1713, 2
search_1714, 2
search_1715, 2
search_1716, 2
search_1717, 2
search_1718, 2
search_1719, 2
search_172, 2
search_1720, 2
search_1721, 2
search_1722, 2
search_1723, 2
search_1724, 2
search_1725, 2
search_1726, 2
search_1727, 2
search_1728, 2
search_1729, 2
search_173, 2
search_1730, 2
search_1731, 2
search_1732, 2
search_1733, 2
search_1734, 2
search_1735, 2
search_1736, 2
search_1737, 2
search_1738, 2
search_1739, 2
search_174, 2
search_1740, 2
search_1741, 2
search_1742, 2
search_1743, 2
search_1744, 2
search_1745, 2
search_1746, 2
search_1747, 2
search_1748, 2
search_1749, 2
search_175, 2
search_1750, 2
search_1751, 2
search_1752, 2
search_1753, 2
search_1754, 2
search_1755, 2
search_1756, 2
search_1757, 2
search_1758, 2
search_1759, 2
search_176, 2
search_1760, 2
search_1761, 2
search_1762, 2
search_1763, 2
search_1764, 2
search_1765, 2
search_1766, 2
search_1767, 2
search_1768, 2
search_1769, 2
search_177, 2
search_1770, 2
search_1771, 2
search_1772, 2
search_1773, 2
search_1774, 2
search_1775, 2
search_1776, 2
search_1777, 2
search_1778, 2
search_1779, 2
search_178, 2
search_1780, 2
search_1781, 2
search_1782, 2
search_1783, 2
search_1784, 2
search_1785, 2
search_1786, 2
search_1787, 2
search_1788, 2
search_1789, 2
search_179, 2
search_1790, 2
search_1791, 2
search_1792, 2
search_1793, 2
search_1794, 2
search_1795, 2
search_1796, 2
search_1797, 2
search_1798, 2
search_1799, 2
search_18, 2
search_180, 2
search_1800, 2
search_1801, 2
search_1802, 2
search_1803, 2
search_1804, 2
search_1805, 2
search_1806, 2
search_1807, 2
search_1808, 2
search_1809, 2
search_181, 2
search_1810, 2
search_1811, 2
search_1812, 2
search_1813, 2
search_1814, 2
search_1815, 2
search_1816, 2
search_1817, 2
search_1818, 2
search_1819, 2
search_182, 2
search_1820, 2
search_1821, 2
search_1822, 2
search_1823, 2
search_1824, 2
search_1825, 2
search_1826, 2
search_1827, 2
search_1828, 2
search_1829, 2
search_183, 2
search_1830, 2
search_1831, 2
search_1832, 2
search_1833, 2
search_1834, 2
search_1835, 2
search_1836, 2
search_1837, 2
search_1838, 2
search_1839, 2
search_184, 2
search_1840, 2
search_1841, 2
search_1842, 2
search_1843, 2
search_1844, 2
search_1845, 2
search_1846, 2
search_1847, 2
search_1848, 2
search_1849, 2
search_185, 2
search_1850, 2
search_1851, 2
search_1852, 2
search_1853, 2
search_1854, 2
search_1855, 2
search_1856, 2
search_1857, 2
search_1858, 2
search_1859, 2
search_186, 2
search_1860, 2
search_1861, 2
search_1862, 2
search_1863, 2
search_1864, 2
search_1865, 2
search_1866, 2
search_1867, 2
search_1868, 2
search_1869, 2
search_187, 2
search_1870, 2
search_1871, 2
search_1872, 2
search_1873, 2
search_1874, 2
search_1875, 2
search_1876, 2
search_1877, 2
search_1878, 2
search_1879, 2
search_188, 2
search_1880, 2
search_1881, 2
search_1882, 2
search_1883, 2
search_1884, 2
search_1885, 2
search_1886, 2
search_1887, 2
search_1888, 2
search_1889, 2
search_189, 2
search_1890, 2
search_1891, 2
search_1892, 2
search_1893, 2
search_1894, 2
search_1895, 2
search_1896, 2
search_1897, 2
search_1898, 2
search_1899, 2
search_19, 2
search_190, 2
search_1900, 2
search_1901, 2
search_1902, 2
search_1903, 2
search_1904, 2
search_1905, 2
search_1906, 2
search_1907, 2
search_1908, 2
search_1909, 2
search_191, 2
search_1910, 2
search_1911, 2
search_1912, 2
search_1913, 2
search_1914, 2
search_1915, 2
search_1916, 2
search_1917, 2
search_1918, 2
search_1919, 2
search_192, 2
search_1920, 2
search_1921, 2
search_1922, 2
search_1923, 2
search_1924, 2
search_1925, 2
search_1926, 2
search_1927, 2
search_1928, 2
search_1929, 2
search_193, 2
search_1930, 2
search_1931, 2
search_1932, 2
search_1933, 2
search_1934, 2
search_1935, 2
search_1936, 2
search_1937, 2
search_1938, 2
search_1939, 2
search_194, 2
search_1940, 2
search_1941, 2
search_1942, 2
search_1943, 2
search_1944, 2
search_1945, 2
search_1946, 2
search_1947, 2
search_1948, 2
search_1949, 2
search_195, 2
search_1950, 2
search_1951, 2
search_1952, 2
search_1953, 2
search_1954, 2
search_1955, 2
search_1956, 2
search_1957, 2
search_1958, 2
search_1959, 2
search_196, 2
search_1960, 2
search_1961, 2
search_1962, 2
search_1963, 2
search_1964, 2
search_1965, 2
search_1966, 2
search_1967, 2
search_1968, 2
search_1969, 2
search_197, 2
search_1970, 2
search_1971, 2
search_1972, 2
search_1973, 2
search_1974, 2
search_1975, 2
search_1976, 2
search_1977, 2
search_1978, 2
search_1979, 2
search_198, 2
search_1980, 2
search_1981, 2
search_1982, 2
search_1983, 2
search_1984, 2
search_1985, 2
search_1986, 2
search_1987, 2
search_1988, 2
search_1989, 2
search_199, 2
search_1990, 2
search_1991, 2
search_1992, 2
search_1993, 2
search_1994, 2
search_1995, 2
search_1996, 2
search_1997, 2
search_1998, 2
search_1999, 2
search_2, 2
search_20, 2
search_200, 2
search_2000, 2
search_2001, 2
search_2002, 2
search_2003, 2
search_2004, 2
search_2005, 2
search_2006, 2
search_2007, 2
search_2008, 2
search_2009, 2
search_201, 2
search_2010, 2
search_2011, 2
search_2012, 2
search_2013, 2
search_2014, 2
search_2015, 2
search_2016, 2
search_2017, 2
search_2018, 2
search_2019, 2
search_202, 2
search_2020, 2
search_2021, 2
search_2022, 2
search_2023, 2
search_2024, 2
search_2025, 2
search_2026, 2
search_2027, 2
search_2028, 2
search_2029, 2
search_203, 2
search_2030, 2
search_2031, 2
search_2032, 2
search_2033, 2
search_2034, 2
search_2035, 2
search_2036, 2
search_2037, 2
search_2038, 2
search_2039, 2
search_204, 2
search_2040, 2
search_2041, 2
search_2042, 2
search_2043, 2
search_2044, 2
search_2045, 2
search_2046, 2
search_2047, 2
search_2048, 2
search_2049, 2
search_205, 2
search_2050, 2
search_2051, 2
search_2052, 2
search_2053, 2
search_2054, 2
search_2055, 2
search_2056, 2
search_2057, 2
search_2058, 2
search_2059, 2
search_206, 2
search_2060, 2
search_2061, 2
search_2062, 2
search_2063, 2
search_2064, 2
search_2065, 2
search_2066, 2
search_2067, 2
search_2068, 2
search_2069, 2
search_207, 2
search_2070, 2
search_2071, 2
search_2072, 2
search_2073, 2
search_2074, 2
search_2075, 2
search_2076, 2
search_2077, 2
search_2078, 2
search_2079, 2
search_208, 2
search_2080, 2
search_2081, 2
search_2082, 2
search_2083, 2
search_2084, 2
search_2085, 2
search_2086, 2
search_2087, 2
search_2088, 2
search_2089, 2
search_209, 2
search_2090, 2
search_2091, 2
search_2092, 2
search_2093, 2
search_2094, 2
search_2095, 2
search_2096, 2
search_2097, 2
search_2098, 2
search_2099, 2
search_21, 2
search_210, 2
search_2100, 2
search_2101, 2
search_2102, 2
search_2103, 2
search_2104, 2
search_2105, 2
search_2106, 2
search_2107, 2
search_2108, 2
search_2109, 2
search_211, 2
search_2110, 2
search_2111, 2
search_2112, 2
search_2113, 2
search_2114, 2
search_2115, 2
search_2116, 2
search_2117, 2
search_2118, 2
search_2119, 2
search_212, 2
search_2120, 2
search_2121, 2
search_2122, 2
search_2123, 2
search_2124, 2
search_2125, 2
search_2126, 2
search_2127, 2
search_2128, 2
search_2129, 2
search_213, 2
search_2130, 2
search_2131, 2
search_2132, 2
search_2133, 2
search_2134, 2
search_2135, 2
search_2136, 2
search_2137, 2
search_2138, 2
search_2139, 2
search_214, 2
search_2140, 2
search_2141, 2
search_2142, 2
search_2143, 2
search_2144, 2
search_2145, 2
search_2146, 2
search_2147, 2
search_2148, 2
search_2149, 2
search_215, 2
search_2150, 2
search_2151, 2
search_2152, 2
search_2153, 2
search_2154, 2
search_2155, 2
search_2156, 2
search_2157, 2
search_2158, 2
search_2159, 2
search_216, 2
search_2160, 2
search_2161, 2
search_2162, 2
search_2163, 2
search_2164, 2
search_2165, 2
search_2166, 2
search_2167, 2
search_2168, 2
search_2169, 2
search_217, 2
search_2170, 2
search_2171, 2
search_2172, 2
search_2173, 2
search_2174, 2
search_2175, 2
search_2176, 2
search_2177, 2
search_2178, 2
search_2179, 2
search_218, 2
search_2180, 2
search_2181, 2
search_2182, 2
search_2183, 2
search_2184, 2
search_2185, 2
search_2186, 2
search_2187, 2
search_2188, 2
search_2189, 2
search_219, 2
search_2190, 2
search_2191, 2
search_2192, 2
search_2193, 2
search_2194, 2
search_2195, 2
search_2196, 2
search_2197, 2
search_2198, 2
search_2199, 2
search_22, 2
search_220, 2
search_2200, 2
search_2201, 2
search_2202, 2
search_2203, 2
search_2204, 2
search_2205, 2
search_2206, 2
search_2207, 2
search_2208, 2
search_2209, 2
search_221, 2
search_2210, 2
search_2211, 2
search_2212, 2
search_2213, 2
search_2214, 2
search_2215, 2
search_2216, 2
search_2217, 2
search_2218, 2
search_2219, 2
search_222, 2
search_2220, 2
search_2221, 2
search_2222, 2
search_2223, 2
search_2224, 2
search_2225, 2
search_2226, 2
search_2227, 2
search_2228, 2
search_2229, 2
search_223, 2
search_2230, 2
search_2231, 2
search_2232, 2
search_2233, 2
search_2234, 2
search_2235, 2
search_2236, 2
search_2237, 2
search_2238, 2
search_2239, 2
search_224, 2
search_2240, 2
search_2241, 2
search_2242, 2
search_2243, 2
search_2244, 2
search_2245, 2
search_2246, 2
search_2247, 2
search_2248, 2
search_2249, 2
search_225, 2
search_2250, 2
search_2251, 2
search_2252, 2
search_2253, 2
search_2254, 2
search_2255, 2
search_2256, 2
search_2257, 2
search_2258, 2
search_2259, 2
search_226, 2
search_2260, 2
search_2261, 2
search_2262, 2
search_2263, 2
search_2264, 2
search_2265, 2
search_2266, 2
search_2267, 2
search_2268, 2
search_2269, 2
search_227, 2
search_2270, 2
search_2271, 2
search_2272, 2
search_2273, 2
search_2274, 2
search_2275, 2
search_2276, 2
search_2277, 2
search_2278, 2
search_2279, 2
search_228, 2
search_2280, 2
search_2281, 2
search_2282, 2
search_2283, 2
search_2284, 2
search_2285, 2
search_2286, 2
search_2287, 2
search_2288, 2
search_2289, 2
search_229, 2
search_2290, 2
search_2291, 2
search_2292, 2
search_2293, 2
search_2294, 2
search_2295, 2
search_2296, 2
search_2297, 2
search_2298, 2
search_2299, 2
search_23, 2
search_230, 2
search_2300, 2
search_2301, 2
search_2302, 2
search_2303, 2
search_2304, 2
search_2305, 2
search_2306, 2
search_2307, 2
search_2308, 2
search_2309, 2
search_231, 2
search_2310, 2
search_2311, 2
search_2312, 2
search_2313, 2
search_2314, 2
search_2315, 2
search_2316, 2
search_2317, 2
search_2318, 2
search_2319, 2
search_232, 2
search_2320, 2
search_2321, 2
search_2322, 2
search_2323, 2
search_2324, 2
search_2325, 2
search_2326, 2
search_2327, 2
search_2328, 2
search_2329, 2
search_233, 2
search_2330, 2
search_2331, 2
search_2332, 2
search_2333, 2
search_2334, 2
search_2335, 2
search_2336, 2
search_2337, 2
search_2338, 2
search_2339, 2
search_234, 2
search_2340, 2
search_2341, 2
search_2342, 2
search_2343, 2
search_2344, 2
search_2345, 2
search_2346, 2
search_2347, 2
search_2348, 2
search_2349, 2
search_235, 2
search_2350, 2
search_2351, 2
search_2352, 2
search_2353, 2
search_2354, 2
search_2355, 2
search_2356, 2
search_2357, 2
search_2358, 2
search_2359, 2
search_236, 2
search_2360, 2
search_2361, 2
search_2362, 2
search_2363, 2
search_2364, 2
search_2365, 2
search_2366, 2
search_2367, 2
search_2368, 2
search_2369, 2
search_237, 2
search_2370, 2
search_2371, 2
search_2372, 2
search_2373, 2
search_2374, 2
search_2375, 2
search_2376, 2
search_2377, 2
search_2378, 2
search_2379, 2
search_238, 2
search_2380, 2
search_2381, 2
search_2382, 2
search_2383, 2
search_2384, 2
search_2385, 2
search_2386, 2
search_2387, 2
search_2388, 2
search_2389, 2
search_239, 2
search_2390, 2
search_2391, 2
search_2392, 2
search_2393, 2
search_2394, 2
search_2395, 2
search_2396, 2
search_2397, 2
search_2398, 2
search_2399, 2
search_24, 2
search_240, 2
search_2400, 2
search_2401, 2
search_2402, 2
search_2403, 2
search_2404, 2
search_2405, 2
search_2406, 2
search_2407, 2
search_2408, 2
search_2409, 2
search_241, 2
search_2410, 2
search_2411, 2
search_2412, 2
search_2413, 2
search_2414, 2
search_2415, 2
search_2416, 2
search_2417, 2
search_2418, 2
search_2419, 2
search_242, 2
search_2420, 2
search_2421, 2
search_2422, 2
search_2423, 2
search_2424, 2
search_2425, 2
search_2426, 2
search_2427, 2
search_2428, 2
search_2429, 2
search_243, 2
search_2430, 2
search_2431, 2
search_2432, 2
search_2433, 2
search_2434, 2
search_2435, 2
search_2436, 2
search_2437, 2
search_2438, 2
search_2439, 2
search_244, 2
search_2440, 2
search_2441, 2
search_2442, 2
search_2443, 2
search_2444, 2
search_2445, 2
search_2446, 2
search_2447, 2
search_2448, 2
search_2449, 2
search_245, 2
search_2450, 2
search_2451, 2
search_2452, 2
search_2453, 2
search_2454, 2
search_2455, 2
search_2456, 2
search_2457, 2
search_2458, 2
search_2459, 2
search_246, 2
search_2460, 2
search_2461, 2
search_2462, 2
search_2463, 2
search_2464, 2
search_2465, 2
search_2466, 2
search_2467, 2
search_2468, 2
search_2469, 2
search_247, 2
search_2470, 2
search_2471, 2
search_2472, 2
search_2473, 2
search_2474, 2
search_2475, 2
search_2476, 2
search_2477, 2
search_2478, 2
search_2479, 2
search_248, 2
search_2480, 2
search_2481, 2
search_2482, 2
search_2483, 2
search_2484, 2
search_2485, 2
search_2486, 2
search_2487, 2
search_2488, 2
search_2489, 2
search_249, 2
search_2490, 2
search_2491, 2
search_2492, 2
search_2493, 2
search_2494, 2
search_2495, 2
search_2496, 2
search_2497, 2
search_2498, 2
search_2499, 2
search_25, 2
search_250, 2
search_2500, 2
search_2501, 2
search_2502, 2
search_2503, 2
search_2504, 2
search_2505, 2
search_2506, 2
search_2507, 2
search_2508, 2
search_2509, 2
search_251, 2
search_2510, 2
search_2511, 2
search_2512, 2
search_2513, 2
search_2514, 2
search_2515, 2
search_2516, 2
search_2517, 2
search_2518, 2
search_2519, 2
search_252, 2
search_2520, 2
search_2521, 2
search_2522, 2
search_2523, 2
search_2524, 2
search_2525, 2
search_2526, 2
search_2527, 2
search_2528, 2
search_2529, 2
search_253, 2
search_2530, 2
search_2531, 2
search_2532, 2
search_2533, 2
search_2534, 2
search_2535, 2
search_2536, 2
search_2537, 2
search_2538, 2
search_2539, 2
search_254, 2
search_2540, 2
search_2541, 2
search_2542, 2
search_2543, 2
search_2544, 2
search_2545, 2
search_2546, 2
search_2547, 2
search_2548, 2
search_2549, 2
search_255, 2
search_2550, 2
search_2551, 2
search_2552, 2
search_2553, 2
search_2554, 2
search_2555, 2
search_2556, 2
search_2557, 2
search_2558, 2
search_2559, 2
search_256, 2
search_2560, 2
search_2561, 2
search_2562, 2
search_2563, 2
search_2564, 2
search_2565, 2
search_2566, 2
search_2567, 2
search_2568, 2
search_2569, 2
search_257, 2
search_2570, 2
search_2571, 2
search_2572, 2
search_2573, 2
search_2574, 2
search_2575, 2
search_2576, 2
search_2577, 2
search_2578, 2
search_2579, 2
search_258, 2
search_2580, 2
search_2581, 2
search_2582, 2
search_2583, 2
search_2584, 2
search_2585, 2
search_2586, 2
search_2587, 2
search_2588, 2
search_2589, 2
search_259, 2
search_2590, 2
search_2591, 2
search_2592, 2
search_2593, 2
search_2594, 2
search_2595, 2
search_2596, 2
search_2597, 2
search_2598, 2
search_2599, 2
search_26, 2
search_260, 2
search_2600, 2
search_2601, 2
search_2602, 2
search_2603, 2
search_2604, 2
search_2605, 2
search_2606, 2
search_2607, 2
search_2608, 2
search_2609, 2
search_261, 2
search_2610, 2
search_2611, 2
search_2612, 2
search_2613, 2
search_2614, 2
search_2615, 2
search_2616, 2
search_2617, 2
search_2618, 2
search_2619, 2
search_262, 2
search_2620, 2
search_2621, 2
search_2622, 2
search_2623, 2
search_2624, 2
search_2625, 2
search_2626, 2
search_2627, 2
search_2628, 2
search_2629, 2
search_263, 2
search_2630, 2
search_2631, 2
search_2632, 2
search_2633, 2
search_2634, 2
search_2635, 2
search_2636, 2
search_2637, 2
search_2638, 2
search_2639, 2
search_264, 2
search_2640, 2
search_2641, 2
search_2642, 2
search_2643, 2
search_2644, 2
search_2645, 2
search_2646, 2
search_2647, 2
search_2648, 2
search_2649, 2
search_265, 2
search_2650, 2
search_2651, 2
search_2652, 2
search_2653, 2
search_2654, 2
search_2655, 2
search_2656, 2
search_2657, 2
search_2658, 2
search_2659, 2
search_266, 2
search_2660, 2
search_2661, 2
search_2662, 2
search_2663, 2
search_2664, 2
search_2665, 2
search_2666, 2
search_2667, 2
search_2668, 2
search_2669, 2
search_267, 2
search_2670, 2
search_2671, 2
search_2672, 2
search_2673, 2
search_2674, 2
search_2675, 2
search_2676, 2
search_2677, 2
search_2678, 2
search_2679, 2
search_268, 2
search_2680, 2
search_2681, 2
search_2682, 2
search_2683, 2
search_2684, 2
search_2685, 2
search_2686, 2
search_2687, 2
search_2688, 2
search_2689, 2
search_269, 2
search_2690, 2
search_2691, 2
search_2692, 2
search_2693, 2
search_2694, 2
search_2695, 2
search_2696, 2
search_2697, 2
search_2698, 2
search_2699, 2
search_27, 2
search_270, 2
search_2700, 2
search_2701, 2
search_2702, 2
search_2703, 2
search_2704, 2
search_2705, 2
search_2706, 2
search_2707, 2
search_2708, 2
search_2709, 2
search_271, 2
search_2710, 2
search_2711, 2
search_2712, 2
search_2713, 2
search_2714, 2
search_2715, 2
search_2716, 2
search_2717, 2
search_2718, 2
search_2719, 2
search_272, 2
search_2720, 2
search_2721, 2
search_2722, 2
search_2723, 2
search_2724, 2
search_2725, 2
search_2726, 2
search_2727, 2
search_2728, 2
search_2729, 2
search_273, 2
search_2730, 2
search_2731, 2
search_2732, 2
search_2733, 2
search_2734, 2
search_2735, 2
search_2736, 2
search_2737, 2
search_2738, 2
search_2739, 2
search_274, 2
search_2740, 2
search_2741, 2
search_2742, 2
search_2743, 2
search_2744, 2
search_2745, 2
search_2746, 2
search_2747, 2
search_2748, 2
search_2749, 2
search_275, 2
search_2750, 2
search_2751, 2
search_2752, 2
search_2753, 2
search_2754, 2
search_2755, 2
search_2756, 2
search_2757, 2
search_2758, 2
search_2759, 2
search_276, 2
search_2760, 2
search_2761, 2
search_2762, 2
search_2763, 2
search_2764, 2
search_2765, 2
search_2766, 2
search_2767, 2
search_2768, 2
search_2769, 2
search_277, 2
search_2770, 2
search_2771, 2
search_2772, 2
search_2773, 2
search_2774, 2
search_2775, 2
search_2776, 2
search_2777, 2
search_2778, 2
search_2779, 2
search_278, 2
search_2780, 2
search_2781, 2
search_2782, 2
search_2783, 2
search_2784, 2
search_2785, 2
search_2786, 2
search_2787, 2
search_2788, 2
search_2789, 2
search_279, 2
search_2790, 2
search_2791, 2
search_2792, 2
search_2793, 2
search_2794, 2
search_2795, 2
search_2796, 2
search_2797, 2
search_2798, 2
search_2799, 2
search_28, 2
search_280, 2
search_2800, 2
search_2801, 2
search_2802, 2
search_2803, 2
search_2804, 2
search_2805, 2
search_2806, 2
search_2807, 2
search_2808, 2
search_2809, 2
search_281, 2
search_2810, 2
search_2811, 2
search_2812, 2
search_2813, 2
search_2814, 2
search_2815, 2
search_2816, 2
search_2817, 2
search_2818, 2
search_2819, 2
search_282, 2
search_2820, 2
search_2821, 2
search_2822, 2
search_2823, 2
search_2824, 2
search_2825, 2
search_2826, 2
search_2827, 2
search_2828, 2
search_2829, 2
search_283, 2
search_2830, 2
search_2831, 2
search_2832, 2
search_2833, 2
search_2834, 2
search_2835, 2
search_2836, 2
search_2837, 2
search_2838, 2
search_2839, 2
search_284, 2
search_2840, 2
search_2841, 2
search_2842, 2
search_2843, 2
search_2844, 2
search_2845, 2
search_2846, 2
search_2847, 2
search_2848, 2
search_285, 2
search_286, 2
search_287, 2
search_288, 2
search_289, 2
search_29, 2
search_290, 2
search_291, 2
search_292, 2
search_293, 2
search_294, 2
search_295, 2
search_296, 2
search_297, 2
search_298, 2
search_299, 2
search_3, 2
search_30, 2
search_300, 2
search_301, 2
search_302, 2
search_303, 2
search_304, 2
search_305, 2
search_306, 2
search_307, 2
search_308, 2
search_309, 2
search_31, 2
search_310, 2
search_311, 2
search_312, 2
search_313, 2
search_314, 2
search_315, 2
search_316, 2
search_317, 2
search_318, 2
search_319, 2
search_32, 2
search_320, 2
search_321, 2
search_322, 2
search_323, 2
search_324, 2
search_325, 2
search_326, 2
search_327, 2
search_328, 2
search_329, 2
search_33, 2
search_330, 2
search_331, 2
search_332, 2
search_333, 2
search_334, 2
search_335, 2
search_336, 2
search_337, 2
search_338, 2
search_339, 2
search_34, 2
search_340, 2
search_341, 2
search_342, 2
search_343, 2
search_344, 2
search_345, 2
search_346, 2
search_347, 2
search_348, 2
search_349, 2
search_35, 2
search_350, 2
search_351, 2
search_352, 2
search_353, 2
search_354, 2
search_355, 2
search_356, 2
search_357, 2
search_358, 2
search_359, 2
search_36, 2
search_360, 2
search_361, 2
search_362, 2
search_363, 2
search_364, 2
search_365, 2
search_366, 2
search_367, 2
search_368, 2
search_369, 2
search_37, 2
search_370, 2
search_371, 2
search_372, 2
search_373, 2
search_374, 2
search_375, 2
search_376, 2
search_377, 2
search_378, 2
search_379, 2
search_38, 2
search_380, 2
search_381, 2
search_382, 2
search_383, 2
search_384, 2
search_385, 2
search_386, 2
search_387, 2
search_388, 2
search_389, 2
search_39, 2
search_390, 2
search_391, 2
search_392, 2
search_393, 2
search_394, 2
search_395, 2
search_396, 2
search_397, 2
search_398, 2
search_399, 2
search_4, 2
search_40, 2
search_400, 2
search_401, 2
search_402, 2
search_403, 2
search_404, 2
search_405, 2
search_406, 2
search_407, 2
search_408, 2
search_409, 2
search_41, 2
search_410, 2
search_411, 2
search_412, 2
search_413, 2
search_414, 2
search_415, 2
search_416, 2
search_417, 2
search_418, 2
search_419, 2
search_42, 2
search_420, 2
search_421, 2
search_422, 2
search_423, 2
search_424, 2
search_425, 2
search_426, 2
search_427, 2
search_428, 2
search_429, 2
search_43, 2
search_430, 2
search_431, 2
search_432, 2
search_433, 2
search_434, 2
search_435, 2
search_436, 2
search_437, 2
search_438, 2
search_439, 2
search_44, 2
search_440, 2
search_441, 2
search_442, 2
search_443, 2
search_444, 2
search_445, 2
search_446, 2
search_447, 2
search_448, 2
search_449, 2
search_45, 2
search_450, 2
search_451, 2
search_452, 2
search_453, 2
search_454, 2
search_455, 2
search_456, 2
search_457, 2
search_458, 2
search_459, 2
search_46, 2
search_460, 2
search_461, 2
search_462, 2
search_463, 2
search_464, 2
search_465, 2
search_466, 2
search_467, 2
search_468, 2
search_469, 2
search_47, 2
search_470, 2
search_471, 2
search_472, 2
search_473, 2
search_474, 2
search_475, 2
search_476, 2
search_477, 2
search_478, 2
search_479, 2
search_48, 2
search_480, 2
search_481, 2
search_482, 2
search_483, 2
search_484, 2
search_485, 2
search_486, 2
search_487, 2
search_488, 2
search_489, 2
search_49, 2
search_490, 2
search_491, 2
search_492, 2
search_493, 2
search_494, 2
search_495, 2
search_496, 2
search_497, 2
search_498, 2
search_499, 2
search_5, 2
search_50, 2
search_500, 2
search_501, 2
search_502, 2
search_503, 2
search_504, 2
search_505, 2
search_506, 2
search_507, 2
search_508, 2
search_509, 2
search_51, 2
search_510, 2
search_511, 2
search_512, 2
search_513, 2
search_514, 2
search_515, 2
search_516, 2
search_517, 2
search_518, 2
search_519, 2
search_52, 2
search_520, 2
search_521, 2
search_522, 2
search_523, 2
search_524, 2
search_525, 2
search_526, 2
search_527, 2
search_528, 2
search_529, 2
search_53, 2
search_530, 2
search_531, 2
search_532, 2
search_533, 2
search_534, 2
search_535, 2
search_536, 2
search_537, 2
search_538, 2
search_539, 2
search_54, 2
search_540, 2
search_541, 2
search_542, 2
search_543, 2
search_544, 2
search_545, 2
search_546, 2
search_547, 2
search_548, 2
search_549, 2
search_55, 2
search_550, 2
search_551, 2
search_552, 2
search_553, 2
search_554, 2
search_555, 2
search_556, 2
search_557, 2
search_558, 2
search_559, 2
search_56, 2
search_560, 2
search_561, 2
search_562, 2
search_563, 2
search_564, 2
search_565, 2
search_566, 2
search_567, 2
search_568, 2
search_569, 2
search_57, 2
search_570, 2
search_571, 2
search_572, 2
search_573, 2
search_574, 2
search_575, 2
search_576, 2
search_577, 2
search_578, 2
search_579, 2
search_58, 2
search_580, 2
search_581, 2
search_582, 2
search_583, 2
search_584, 2
search_585, 2
search_586, 2
search_587, 2
search_588, 2
search_589, 2
search_59, 2
search_590, 2
search_591, 2
search_592, 2
search_593, 2
search_594, 2
search_595, 2
search_596, 2
search_597, 2
search_598, 2
search_599, 2
search_6, 2
search_60, 2
search_600, 2
search_601, 2
search_602, 2
search_603, 2
search_604, 2
search_605, 2
search_606, 2
search_607, 2
search_608, 2
search_609, 2
search_61, 2
search_610, 2
search_611, 2
search_612, 2
search_613, 2
search_614, 2
search_615, 2
search_616, 2
search_617, 2
search_618, 2
search_619, 2
search_62, 2
search_620, 2
search_621, 2
search_622, 2
search_623, 2
search_624, 2
search_625, 2
search_626, 2
search_627, 2
search_628, 2
search_629, 2
search_63, 2
search_630, 2
search_631, 2
search_632, 2
search_633, 2
search_634, 2
search_635, 2
search_636, 2
search_637, 2
search_638, 2
search_639, 2
search_64, 2
search_640, 2
search_641, 2
search_642, 2
search_643, 2
search_644, 2
search_645, 2
search_646, 2
search_647, 2
search_648, 2
search_649, 2
search_65, 2
search_650, 2
search_651, 2
search_652, 2
search_653, 2
search_654, 2
search_655, 2
search_656, 2
search_657, 2
search_658, 2
search_659, 2
search_66, 2
search_660, 2
search_661, 2
search_662, 2
search_663, 2
search_664, 2
search_665, 2
search_666, 2
search_667, 2
search_668, 2
search_669, 2
search_67, 2
search_670, 2
search_671, 2
search_672, 2
search_673, 2
search_674, 2
search_675, 2
search_676, 2
search_677, 2
search_678, 2
search_679, 2
search_68, 2
search_680, 2
search_681, 2
search_682, 2
search_683, 2
search_684, 2
search_685, 2
search_686, 2
search_687, 2
search_688, 2
search_689, 2
search_69, 2
search_690, 2
search_691, 2
search_692, 2
search_693, 2
search_694, 2
search_695, 2
search_696, 2
search_697, 2
search_698, 2
search_699, 2
search_7, 2
search_70, 2
search_700, 2
search_701, 2
search_702, 2
search_703, 2
search_704, 2
search_705, 2
search_706, 2
search_707, 2
search_708, 2
search_709, 2
search_71, 2
search_710, 2
search_711, 2
search_712, 2
search_713, 2
search_714, 2
search_715, 2
search_716, 2
search_717, 2
search_718, 2
search_719, 2
search_72, 2
search_720, 2
search_721, 2
search_722, 2
search_723, 2
search_724, 2
search_725, 2
search_726, 2
search_727, 2
search_728, 2
search_729, 2
search_73, 2
search_730, 2
search_731, 2
search_732, 2
search_733, 2
search_734, 2
search_735, 2
search_736, 2
search_737, 2
search_738, 2
search_739, 2
search_74, 2
search_740, 2
search_741, 2
search_742, 2
search_743, 2
search_744, 2
search_745, 2
search_746, 2
search_747, 2
search_748, 2
search_749, 2
search_75, 2
search_750, 2
search_751, 2
search_752, 2
search_753, 2
search_754, 2
search_755, 2
search_756, 2
search_757, 2
search_758, 2
search_759, 2
search_76, 2
search_760, 2
search_761, 2
search_762, 2
search_763, 2
search_764, 2
search_765, 2
search_766, 2
search_767, 2
search_768, 2
search_769, 2
search_77, 2
search_770, 2
search_771, 2
search_772, 2
search_773, 2
search_774, 2
search_775, 2
search_776, 2
search_777, 2
search_778, 2
search_779, 2
search_78, 2
search_780, 2
search_781, 2
search_782, 2
search_783, 2
search_784, 2
search_785, 2
search_786, 2
search_787, 2
search_788, 2
search_789, 2
search_79, 2
search_790, 2
search_791, 2
search_792, 2
search_793, 2
search_794, 2
search_795, 2
search_796, 2
search_797, 2
search_798, 2
search_799, 2
search_8, 2
search_80, 2
search_800, 2
search_801, 2
search_802, 2
search_803, 2
search_804, 2
search_805, 2
search_806, 2
search_807, 2
search_808, 2
search_809, 2
search_81, 2
search_810, 2
search_811, 2
search_812, 2
search_813, 2
search_814, 2
search_815, 2
search_816, 2
search_817, 2
search_818, 2
search_819, 2
search_82, 2
search_820, 2
search_821, 2
search_822, 2
search_823, 2
search_824, 2
search_825, 2
search_826, 2
search_827, 2
search_828, 2
search_829, 2
search_83, 2
search_830, 2
search_831, 2
search_832, 2
search_833, 2
search_834, 2
search_835, 2
search_836, 2
search_837, 2
search_838, 2
search_839, 2
search_84, 2
search_840, 2
search_841, 2
search_842, 2
search_843, 2
search_844, 2
search_845, 2
search_846, 2
search_847, 2
search_848, 2
search_849, 2
search_85, 2
search_850, 2
search_851, 2
search_852, 2
search_853, 2
search_854, 2
search_855, 2
search_856, 2
search_857, 2
search_858, 2
search_859, 2
search_86, 2
search_860, 2
search_861, 2
search_862, 2
search_863, 2
search_864, 2
search_865, 2
search_866, 2
search_867, 2
search_868, 2
search_869, 2
search_87, 2
search_870, 2
search_871, 2
search_872, 2
search_873, 2
search_874, 2
search_875, 2
search_876, 2
search_877, 2
search_878, 2
search_879, 2
search_88, 2
search_880, 2
search_881, 2
search_882, 2
search_883, 2
search_884, 2
search_885, 2
search_886, 2
search_887, 2
search_888, 2
search_889, 2
search_89, 2
search_890, 2
search_891, 2
search_892, 2
search_893, 2
search_894, 2
search_895, 2
search_896, 2
search_897, 2
search_898, 2
search_899, 2
search_9, 2
search_90, 2
search_900, 2
search_901, 2
search_902, 2
search_903, 2
search_904, 2
search_905, 2
search_906, 2
search_907, 2
search_908, 2
search_909, 2
search_91, 2
search_910, 2
search_911, 2
search_912, 2
search_913, 2
search_914, 2
search_915, 2
search_916, 2
search_917, 2
search_918, 2
search_919, 2
search_92, 2
search_920, 2
search_921, 2
search_922, 2
search_923, 2
search_924, 2
search_925, 2
search_926, 2
search_927, 2
search_928, 2
search_929, 2
search_93, 2
search_930, 2
search_931, 2
search_932, 2
search_933, 2
search_934, 2
search_935, 2
search_936, 2
search_937, 2
search_938, 2
search_939, 2
search_94, 2
search_940, 2
search_941, 2
search_942, 2
search_943, 2
search_944, 2
search_945, 2
search_946, 2
search_947, 2
search_948, 2
search_949, 2
search_95, 2
search_950, 2
search_951, 2
search_952, 2
search_953, 2
search_954, 2
search_955, 2
search_956, 2
search_957, 2
search_958, 2
search_959, 2
search_96, 2
search_960, 2
search_961, 2
search_962, 2
search_963, 2
search_964, 2
search_965, 2
search_966, 2
search_967, 2
search_968, 2
search_969, 2
search_97, 2
search_970, 2
search_971, 2
search_972, 2
search_973, 2
search_974, 2
search_975, 2
search_976, 2
search_977, 2
search_978, 2
search_979, 2
search_98, 2
search_980, 2
search_981, 2
search_982, 2
search_983, 2
search_984, 2
search_985, 2
search_986, 2
search_987, 2
search_988, 2
search_989, 2
search_99, 2
search_990, 2
search_991, 2
search_992, 2
search_993, 2
search_994, 2
search_995, 2
search_996, 2
search_997, 2
search_998, 2
search_999, 2
univeristy_1, 3
univeristy_10, 3
univeristy_11, 3
univeristy_12, 3
univeristy_13, 3
univeristy_14, 3
univeristy_15, 3
univeristy_16, 3
univeristy_17, 3
univeristy_18, 3
univeristy_19, 3
univeristy_2, 3
univeristy_20, 3
univeristy_21, 3
univeristy_22, 3
univeristy_23, 3
univeristy_24, 3
univeristy_25, 3
univeristy_26, 3
univeristy_27, 3
univeristy_28, 3
univeristy_29, 3
univeristy_3, 3
univeristy_30, 3
univeristy_31, 3
univeristy_32, 3
univeristy_33, 3
univeristy_34, 3
univeristy_35, 3
univeristy_36, 3
univeristy_37, 3
univeristy_4, 3
univeristy_5, 3
univeristy_6, 3
univeristy_7, 3
univeristy_8, 3
univeristy_9, 3
